State,Rank within State,Percentage of State,Amount in State,Amount in State as Percentage of Total Firm Amount
Alabama,125,0.03,2007083,5.91
Arkansas,118,0.04,1558777,4.59
Connecticut,102,0.01,1876367,5.53
Delaware,115,0,366695,1.08
Hawaii,120,0,127749,0.38
Iowa,121,0.01,2655570,7.82
Maine,109,0.01,399150,1.18
Massachusetts,101,0.02,3551694,10.47
Mississippi,120,0.04,1996888,5.88
Nebraska,110,0.05,2658018,7.83
Nevada,102,0.04,1756874,5.18
New Hampshire,88,0.03,1489237,4.39
Oklahoma,125,0.04,2388081,7.04
Oregon,105,0.02,1640270,4.83
South Dakota,125,0.02,421274,1.24
Vermont,107,0.01,137921,0.41
Washington,123,0.01,1636172,4.82
West Virginia,102,0.05,1512246,4.46
Wisconsin,110,0.04,5416944,15.96
Wyoming,114,0.03,341629,1.01
