State,Rank within State,Percentage of State,Amount in State,Amount in State as Percentage of Total Firm Amount
Arkansas,124,0.03,1394300,0.84
Connecticut,100,0.01,2324514,1.41
District of Colombia,80,0.04,1273597,0.77
Georgia,81,0.1,20025855,12.12
Iowa,90,0.04,7088568,4.29
Kentucky,31,0.93,68756054,41.60
Louisiana,94,0.09,7742800,4.68
Massachusetts,115,0.01,1522178,0.92
Michigan,114,0.03,6245698,3.78
Nevada,117,0.02,703342,0.43
North Carolina,103,0.05,11022539,6.67
Ohio,113,0.03,9470582,5.73
South Carolina,73,0.19,16532641,10.00
Tennessee,120,0.04,5550138,3.36
Utah,124,0.02,1026731,0.62
Vermont,117,0,59814,0.04
Wisconsin,117,0.03,4557352,2.76
