State,Rank within State,Percentage of State,Amount in State,Amount in State as Percentage of Total Firm Amount
Alabama,105,0.05,4031970,1.47
Arizona,93,0.06,7679643,2.81
California,97,0.04,25632481,9.37
Colorado,103,0.04,5058787,1.85
Delaware,113,0,372180,0.14
Idaho,54,0.42,10191415,3.72
Illinois,113,0.04,12208854,4.46
Indiana,106,0.05,8324613,3.04
Iowa,124,0.01,2476669,0.91
Kansas,119,0.03,2404072,0.88
Maryland,108,0.03,4367078,1.60
Minnesota,86,0.1,13765361,5.03
Mississippi,122,0.04,1914526,0.70
Montana,96,0.06,910639,0.33
Nebraska,123,0.03,1537592,0.56
Nevada,122,0.01,569221,0.21
New Mexico,90,0.08,2451775,0.90
North Dakota,123,0.03,518023,0.19
Oregon,80,0.1,6746408,2.47
Pennsylvania,113,0.03,12178520,4.45
Rhode Island,120,0,115009,0.04
South Carolina,105,0.06,4787505,1.75
South Dakota,71,0.18,3757673,1.37
Tennessee,98,0.08,10165280,3.71
Utah,17,2.16,119973431,43.84
West Virginia,96,0.07,2042649,0.75
Wisconsin,109,0.05,6522730,2.38
Wyoming,60,0.25,2931370,1.07
