State,Rank within State,Percentage of State,Amount in State,Amount in State as Percentage of Total Firm Amount
Delaware,125,0,233387,0.12
District of Colombia,103,0.01,403740,0.22
Indiana,95,0.07,10143121,5.42
Maryland,72,0.13,18903383,10.10
New York,123,0,994832,0.53
North Carolina,94,0.07,13688845,7.31
Ohio,97,0.05,15235068,8.14
Pennsylvania,59,0.23,87735109,46.85
Tennessee,125,0.04,5122389,2.74
Virginia,75,0.11,19295051,10.30
West Virginia,49,0.34,10237480,5.47
Wisconsin,111,0.04,5261426,2.81
