State,Rank within State,Percentage of State,Amount in State,Amount in State as Percentage of Total Firm Amount
Alabama,49,0.5,37041706,7.02
Arizona,103,0.03,4334497,0.82
Arkansas,55,0.35,14325717,2.71
California,106,0.03,17878304,3.39
Colorado,99,0.05,5919719,1.12
Delaware,84,0,1531016,0.29
District of Colombia,67,0.08,2633960,0.50
Florida,89,0.05,24445466,4.63
Georgia,79,0.11,21413774,4.06
Illinois,88,0.08,22268843,4.22
Indiana,80,0.11,16914499,3.20
Iowa,94,0.03,6696661,1.27
Kansas,74,0.11,10143546,1.92
Kentucky,119,0.04,3210178,0.61
Louisiana,41,0.67,58167012,11.02
Maryland,82,0.07,10234243,1.94
Michigan,112,0.03,6696234,1.27
Mississippi,42,0.66,29470973,5.58
Missouri,78,0.12,18413330,3.49
Nebraska,102,0.07,3486487,0.66
New Jersey,105,0.02,4564351,0.86
New Mexico,106,0.04,1272556,0.24
North Carolina,85,0.1,21774671,4.13
Ohio,94,0.06,17186914,3.26
Oklahoma,78,0.17,10284261,1.95
Pennsylvania,125,0.02,8958910,1.70
South Carolina,74,0.19,16526274,3.13
South Dakota,111,0.05,956435,0.18
Tennessee,105,0.06,8344324,1.58
Texas,68,0.21,106684379,20.21
Virginia,87,0.07,12192449,2.31
Wyoming,54,0.33,3836147,0.73
