State,Rank within State,Percentage of State,Amount in State,Amount in State as Percentage of Total Firm Amount
Alabama,123,0.03,2034818,1.58
Alaska,91,0.03,445263,0.35
California,95,0.04,27199502,21.14
Connecticut,113,0.01,1203530,0.94
Delaware,106,0,519493,0.40
District of Colombia,18,1.08,36377022,28.27
Maryland,122,0.02,2625789,2.04
Massachusetts,90,0.03,5889347,4.58
Michigan,86,0.09,17834854,13.86
Montana,125,0.02,296826,0.23
New York,89,0.02,13955288,10.84
Rhode Island,84,0.04,1014751,0.79
Tennessee,91,0.09,11983929,9.31
Vermont,92,0.03,427349,0.33
Virginia,103,0.04,6885518,5.35
