State,Rank within State,Percentage of State,Amount in State,Amount in State as Percentage of Total Firm Amount
Alaska,76,0.06,804871,0.86
Arizona,122,0.02,2515052,2.67
California,103,0.03,19642583,20.88
District of Colombia,123,0,114975,0.12
Idaho,105,0.05,1179689,1.25
Illinois,114,0.04,12016031,12.77
Maine,114,0.01,312796,0.33
Maryland,105,0.03,4800608,5.10
Mississippi,119,0.05,2089382,2.22
Montana,122,0.02,352143,0.37
Nevada,120,0.01,596136,0.63
New Hampshire,117,0,211185,0.22
New Jersey,124,0.01,1764842,1.88
Oregon,123,0.01,1036377,1.10
South Carolina,121,0.03,2686339,2.86
Tennessee,115,0.05,5893575,6.27
Texas,122,0.03,16610183,17.66
Utah,56,0.38,21040801,22.37
Wyoming,111,0.03,391408,0.42
