State,Rank within State,Percentage of State,Amount in State,Amount in State as Percentage of Total Firm Amount
Alaska,123,0,46643,0.29
Arizona,111,0.02,3258969,20.20
District of Colombia,116,0.01,169926,1.05
Hawaii,94,0.02,680967,4.22
Idaho,113,0.03,647265,4.01
Maine,105,0.02,445826,2.76
Maryland,119,0.02,2866020,17.76
New Hampshire,111,0.01,380387,2.36
New Mexico,117,0.02,632929,3.92
Oregon,121,0.02,1088894,6.75
Rhode Island,102,0.02,384434,2.38
South Carolina,109,0.05,4353662,26.99
Vermont,76,0.08,1177358,7.30
