State,Rank within State,Percentage of State,Amount in State,Amount in State as Percentage of Total Firm Amount
Arizona,70,0.15,19321821,7.47
California,104,0.03,18728524,7.24
Connecticut,103,0.01,1764568,0.68
Florida,123,0.02,8250358,3.19
Illinois,123,0.04,9893563,3.82
Indiana,108,0.05,7753952,3.00
Maryland,116,0.03,3607765,1.39
Minnesota,91,0.06,8204232,3.17
New Jersey,110,0.01,4085271,1.58
Ohio,103,0.04,12639363,4.88
Pennsylvania,53,0.31,121511235,46.95
West Virginia,63,0.2,5996351,2.32
Wisconsin,59,0.27,37042061,14.31
