State,Rank within State,Percentage of State,Amount in State,Amount in State as Percentage of Total Firm Amount
Arizona,102,0.04,4769296,4.30
California,119,0.01,7936450,7.16
Connecticut,112,0.01,1282142,1.16
District of Colombia,114,0.01,181218,0.16
Florida,116,0.02,9420279,8.50
Georgia,120,0.04,7988419,7.21
Idaho,108,0.04,855866,0.77
Iowa,116,0.02,3439340,3.10
Kansas,117,0.03,2790382,2.52
Maine,121,0.01,223791,0.20
Minnesota,117,0.02,3182693,2.87
Nebraska,118,0.04,1971254,1.78
Nevada,114,0.02,803839,0.73
New Jersey,98,0.02,6293406,5.68
North Carolina,109,0.04,8406538,7.58
North Dakota,122,0.03,522263,0.47
Oklahoma,124,0.04,2450182,2.21
Oregon,109,0.02,1362919,1.23
Pennsylvania,114,0.03,11847978,10.69
Rhode Island,81,0.05,1091149,0.98
South Dakota,115,0.04,787489,0.71
Texas,123,0.03,16416385,14.81
Utah,108,0.03,1744287,1.57
Vermont,94,0.03,405885,0.37
Virginia,117,0.03,4746884,4.28
Washington,95,0.04,4465115,4.03
West Virginia,116,0.03,939296,0.85
Wisconsin,120,0.03,4286174,3.87
Wyoming,122,0.02,245876,0.22
