State,Rank within State,Percentage of State,Amount in State,Amount in State as Percentage of Total Firm Amount
Delaware,98,0,732515,1.01
Georgia,115,0.04,8738445,11.99
Idaho,73,0.16,3809497,5.23
Indiana,105,0.05,8341579,11.45
Kansas,111,0.04,3394578,4.66
Kentucky,93,0.09,6463430,8.87
Michigan,120,0.03,5179392,7.11
Montana,84,0.12,1667788,2.29
Nevada,98,0.04,1901298,2.61
Ohio,124,0.03,7748934,10.63
Oklahoma,113,0.05,2896743,3.97
South Carolina,124,0.03,2393345,3.28
Tennessee,93,0.08,10819121,14.84
Utah,87,0.08,4508455,6.19
West Virginia,75,0.12,3692505,5.07
Wyoming,103,0.05,595089,0.82
