State,Rank within State,Percentage of State,Amount in State,Amount in State as Percentage of Total Firm Amount
Alaska,118,0.01,70873,0.06
Arizona,88,0.08,10008737,7.93
Arkansas,121,0.04,1458562,1.16
California,111,0.02,14334898,11.36
Florida,103,0.03,12900274,10.23
Hawaii,106,0.01,280145,0.22
Idaho,78,0.15,3624984,2.87
Iowa,117,0.02,3232289,2.56
Massachusetts,114,0.01,1530809,1.21
Minnesota,114,0.03,3756619,2.98
Missouri,92,0.08,12055019,9.56
New Hampshire,118,0,202062,0.16
New Jersey,94,0.03,7531203,5.97
New Mexico,82,0.1,3121472,2.47
New York,99,0,3158644,2.50
Ohio,125,0.03,7526159,5.97
Rhode Island,97,0.02,494081,0.39
Texas,116,0.04,20725552,16.43
Utah,75,0.13,7241537,5.74
Washington,83,0.07,8748014,6.93
Wisconsin,122,0.03,4157343,3.30
