State,Rank within State,Percentage of State,Amount in State,Amount in State as Percentage of Total Firm Amount
Arkansas,115,0.06,2271595,2.43
Delaware,87,0,1327736,1.42
District of Colombia,97,0.02,605592,0.65
Florida,107,0.02,11702131,12.51
Hawaii,105,0.01,295103,0.32
Maine,103,0.02,493540,0.53
Maryland,80,0.09,12386683,13.25
Nevada,113,0.02,808678,0.86
New Hampshire,121,0,180582,0.19
New Jersey,114,0.01,2964375,3.17
Pennsylvania,71,0.13,51770070,55.36
Utah,125,0.02,1000906,1.07
Vermont,93,0.03,417881,0.45
Virginia,112,0.03,5570901,5.96
West Virginia,101,0.06,1711093,1.83
