State,Rank within State,Percentage of State,Amount in State,Amount in State as Percentage of Total Firm Amount
Arkansas,114,0.06,2396168,4.85
Iowa,55,0.13,24736198,50.05
Kansas,112,0.04,3392602,6.86
Minnesota,109,0.03,4427618,8.96
Mississippi,118,0.05,2278189,4.61
Missouri,122,0.03,4250861,8.60
Montana,121,0.03,362838,0.73
Nebraska,93,0.09,4370074,8.84
New Hampshire,123,0,149245,0.30
North Dakota,94,0.07,1197774,2.42
Rhode Island,100,0.02,455248,0.92
South Dakota,106,0.06,1188016,2.40
Wyoming,125,0.02,218754,0.44
