State,Rank within State,Percentage of State,Amount in State,Amount in State as Percentage of Total Firm Amount
Alabama,102,0.06,4315428,0.96
Alaska,85,0.04,575779,0.13
Arizona,123,0.02,2482053,0.55
California,88,0.05,34243721,7.61
Colorado,111,0.02,2937558,0.65
Delaware,97,0,756003,0.17
Florida,110,0.02,10703442,2.38
Georgia,106,0.05,9762202,2.17
Idaho,109,0.03,818689,0.18
Illinois,87,0.08,23024978,5.11
Indiana,60,0.23,34870665,7.74
Iowa,54,0.15,28942612,6.43
Kansas,79,0.1,8949803,1.99
Kentucky,84,0.11,8412455,1.87
Louisiana,97,0.09,7549913,1.68
Massachusetts,107,0.01,2373898,0.53
Michigan,104,0.05,9946054,2.21
Minnesota,106,0.03,4779138,1.06
Mississippi,106,0.08,3356969,0.75
Missouri,117,0.03,5231813,1.16
Nebraska,69,0.23,11481346,2.55
Nevada,109,0.03,1099960,0.24
New Hampshire,124,0,148173,0.03
New Jersey,96,0.03,7084712,1.57
New Mexico,96,0.07,2038911,0.45
North Carolina,76,0.13,27068943,6.01
Ohio,68,0.14,41418230,9.20
Oklahoma,73,0.22,13195031,2.93
Oregon,124,0.01,962102,0.21
Pennsylvania,83,0.08,29376788,6.52
Rhode Island,105,0.01,340123,0.08
South Carolina,99,0.06,5538166,1.23
South Dakota,49,0.37,7662120,1.70
Tennessee,73,0.16,20642464,4.58
Texas,115,0.04,20761615,4.61
Utah,72,0.16,9127924,2.03
Virginia,71,0.14,24481324,5.44
West Virginia,48,0.35,10475095,2.33
Wisconsin,92,0.1,13299136,2.95
