State,Rank within State,Percentage of State,Amount in State,Amount in State as Percentage of Total Firm Amount
Colorado,118,0.02,2556312,4.38
Connecticut,117,0,764812,1.31
Illinois,116,0.04,11757227,20.15
Iowa,98,0.03,6436197,11.03
Kentucky,108,0.05,3935340,6.74
Massachusetts,113,0.01,1757057,3.01
Michigan,121,0.03,5131950,8.79
Minnesota,95,0.05,6905435,11.83
Nebraska,114,0.05,2357460,4.04
North Dakota,111,0.04,739756,1.27
Rhode Island,124,0,80293,0.14
South Dakota,90,0.1,2036921,3.49
Vermont,112,0.01,99363,0.17
Virginia,122,0.02,4284260,7.34
Wisconsin,101,0.07,9234733,15.82
Wyoming,118,0.02,279263,0.48
