State,Rank within State,Percentage of State,Amount in State,Amount in State as Percentage of Total Firm Amount
Alabama,122,0.03,2082024,3.00
Colorado,117,0.02,2603448,3.76
Iowa,77,0.06,11595782,16.73
Kansas,96,0.06,5684414,8.20
Louisiana,109,0.06,5321790,7.68
Minnesota,99,0.04,6443416,9.30
Mississippi,107,0.07,3352732,4.84
Missouri,77,0.13,19151705,27.64
Nebraska,88,0.12,6074627,8.77
New Mexico,114,0.02,684834,0.99
North Dakota,120,0.03,532727,0.77
South Dakota,102,0.07,1438145,2.08
Wisconsin,119,0.03,4329236,6.25
