State,Rank within State,Percentage of State,Amount in State,Amount in State as Percentage of Total Firm Amount
Colorado,120,0.02,2491383,0.77
Connecticut,78,0.04,7117522,2.19
Delaware,99,0,688505,0.21
District of Colombia,96,0.02,622658,0.19
Florida,101,0.03,14764385,4.55
Hawaii,114,0.01,187690,0.06
Maine,104,0.02,450444,0.14
Maryland,77,0.1,14525963,4.47
Massachusetts,95,0.02,4210742,1.30
Michigan,117,0.03,5422253,1.67
Minnesota,101,0.04,6192687,1.91
Nevada,119,0.01,646263,0.20
New Hampshire,103,0.01,494522,0.15
New Jersey,71,0.11,31139937,9.59
New York,37,0.28,219659084,67.62
Pennsylvania,124,0.03,9668638,2.98
Rhode Island,94,0.02,551553,0.17
South Carolina,112,0.05,3916107,1.21
Utah,123,0.02,1030302,0.32
Vermont,79,0.07,1046170,0.32
