State,Rank within State,Percentage of State,Amount in State,Amount in State as Percentage of Total Firm Amount
Alabama,106,0.05,3795865,2.39
Arizona,120,0.02,2653192,1.67
Arkansas,109,0.06,2606828,1.64
California,114,0.02,11707075,7.37
Colorado,123,0.02,2365030,1.49
Connecticut,106,0.01,1706925,1.07
Delaware,118,0,332407,0.21
Georgia,122,0.04,7221483,4.54
Idaho,107,0.05,1091470,0.69
Illinois,122,0.04,9935622,6.25
Indiana,102,0.06,8887711,5.59
Iowa,106,0.02,4566371,2.87
Kansas,100,0.06,5000424,3.15
Kentucky,122,0.04,2790689,1.76
Maine,115,0.01,297839,0.19
Massachusetts,103,0.02,3470959,2.18
Michigan,100,0.05,10661854,6.71
Minnesota,68,0.17,24104734,15.17
Mississippi,111,0.07,3055762,1.92
Missouri,98,0.07,10080320,6.34
Nebraska,99,0.07,3689323,2.32
New Mexico,108,0.03,972786,0.61
New York,101,0,2409377,1.52
North Carolina,119,0.03,6745105,4.24
North Dakota,97,0.06,1098255,0.69
Oklahoma,115,0.05,2741368,1.72
Oregon,118,0.02,1184982,0.75
Rhode Island,108,0.01,221651,0.14
South Carolina,115,0.04,3645493,2.29
South Dakota,75,0.15,3089212,1.94
Virginia,113,0.03,5341754,3.36
Washington,122,0.01,1796875,1.13
West Virginia,124,0.02,745816,0.47
Wisconsin,102,0.06,8915322,5.61
