State,Rank within State,Percentage of State,Amount in State,Amount in State as Percentage of Total Firm Amount
Alabama,109,0.05,3533950,1.26
Arizona,83,0.09,12413178,4.43
Arkansas,88,0.12,4999011,1.78
Colorado,50,0.28,36255828,12.93
Delaware,93,0,945546,0.34
Florida,72,0.11,50681373,18.08
Georgia,103,0.05,9976233,3.56
Indiana,114,0.04,6525215,2.33
Louisiana,84,0.12,10647000,3.80
Maryland,93,0.05,7319005,2.61
Mississippi,90,0.12,5509427,1.97
Montana,65,0.21,3012090,1.07
Nebraska,117,0.04,2020657,0.72
Nevada,107,0.03,1144997,0.41
North Carolina,95,0.07,13591648,4.85
Oklahoma,104,0.07,4096814,1.46
Pennsylvania,110,0.03,13128739,4.68
South Carolina,87,0.11,9271999,3.31
Tennessee,100,0.08,9745759,3.48
Texas,83,0.12,63409022,22.62
Virginia,108,0.03,6050499,2.16
West Virginia,112,0.04,1106890,0.39
Wyoming,49,0.43,4957373,1.77
