State,Rank within State,Percentage of State,Amount in State,Amount in State as Percentage of Total Firm Amount
Arizona,73,0.13,17814660,3.86
Arkansas,63,0.31,12639178,2.74
Colorado,84,0.08,10155392,2.20
Delaware,57,0.01,8265283,1.79
Florida,87,0.06,27406636,5.94
Georgia,114,0.04,8872682,1.92
Illinois,91,0.08,21681895,4.70
Indiana,64,0.2,30611960,6.64
Iowa,76,0.06,11892975,2.58
Kansas,115,0.04,3273662,0.71
Kentucky,120,0.04,2933184,0.64
Louisiana,103,0.07,6409619,1.39
Maine,58,0.24,6548316,1.42
Maryland,65,0.17,24425300,5.30
Michigan,65,0.23,46817512,10.15
Minnesota,89,0.08,11944655,2.59
Missouri,80,0.11,15993880,3.47
Montana,113,0.03,410178,0.09
Nebraska,79,0.15,7707359,1.67
Nevada,123,0.01,559160,0.12
New Mexico,78,0.14,4121477,0.89
North Carolina,99,0.06,12512247,2.71
North Dakota,86,0.1,1699305,0.37
Ohio,80,0.11,31700776,6.87
Pennsylvania,73,0.12,44805847,9.72
Tennessee,118,0.04,5613091,1.22
Texas,94,0.09,45833038,9.94
Utah,92,0.06,3550209,0.77
Virginia,101,0.04,7182024,1.56
West Virginia,122,0.03,784032,0.17
Wisconsin,70,0.19,26979610,5.85
