State,Rank within State,Percentage of State,Amount in State,Amount in State as Percentage of Total Firm Amount
Alabama,103,0.06,4280450,1.03
Arizona,108,0.03,3606675,0.86
Connecticut,63,0.1,19341264,4.63
Delaware,71,0.01,3780265,0.91
District of Colombia,100,0.01,461026,0.11
Illinois,54,0.34,91497265,21.92
Indiana,119,0.04,5804978,1.39
Iowa,110,0.02,3792910,0.91
Kentucky,110,0.05,3730838,0.89
Louisiana,81,0.13,11293875,2.71
Maine,85,0.04,1146216,0.27
Maryland,110,0.03,4129722,0.99
Massachusetts,105,0.01,2628419,0.63
Michigan,91,0.08,16135869,3.87
Missouri,104,0.05,7795445,1.87
Montana,97,0.06,888212,0.21
Nebraska,125,0.03,1443257,0.35
New Hampshire,89,0.03,1427371,0.34
New Jersey,102,0.02,4820526,1.15
New Mexico,76,0.14,4268660,1.02
New York,107,0,1877647,0.45
North Dakota,125,0.03,498759,0.12
Ohio,105,0.04,11489762,2.75
Oklahoma,60,0.33,19793522,4.74
Pennsylvania,100,0.04,15351906,3.68
Rhode Island,85,0.03,771128,0.18
South Dakota,108,0.05,1060294,0.25
Tennessee,79,0.14,17589643,4.21
Texas,60,0.27,142261399,34.08
Vermont,82,0.05,732235,0.18
Virginia,100,0.04,7327333,1.76
Washington,107,0.03,3051879,0.73
West Virginia,87,0.09,2714196,0.65
Wyoming,96,0.06,665127,0.16
