State,Rank within State,Percentage of State,Amount in State,Amount in State as Percentage of Total Firm Amount
Arizona,119,0.02,519917,1.49
Arkansas,112,0.06,779979,2.24
California,103,0.02,3898013,11.19
Colorado,110,0.03,769342,2.21
Connecticut,105,0.01,359120,1.03
Delaware,119,0,57028,0.16
District of Colombia,98,0.02,98076,0.28
Florida,121,0.02,2005954,5.76
Georgia,116,0.05,2495631,7.16
Hawaii,100,0.02,153114,0.44
Idaho,91,0.06,372452,1.07
Iowa,114,0.04,667464,1.92
Kansas,119,0.02,358002,1.03
Louisiana,124,0.04,949863,2.73
Maine,112,0.02,74099,0.21
Maryland,114,0.03,753715,2.16
Mississippi,117,0.04,540040,1.55
Montana,100,0.03,114661,0.33
Nebraska,109,0.04,526603,1.51
Nevada,112,0.02,183913,0.53
New Hampshire,117,0.01,56722,0.16
New Jersey,115,0.01,697191,2.00
New Mexico,99,0.05,376742,1.08
New York,79,0.02,2170216,6.23
North Carolina,119,0.04,1684083,4.83
Oklahoma,122,0.03,528466,1.52
Oregon,103,0.03,334064,0.96
Rhode Island,93,0.03,132486,0.38
South Carolina,114,0.05,1147971,3.29
Tennessee,108,0.06,1672203,4.80
Texas,100,0.07,7967331,22.87
Utah,108,0.02,269304,0.77
Vermont,107,0.01,31537,0.09
Virginia,112,0.03,1109117,3.18
Washington,101,0.03,833435,2.39
West Virginia,121,0.02,154368,0.44
