State,Rank within State,Percentage of State,Amount in State,Amount in State as Percentage of Total Firm Amount
Arkansas,16,1.88,22879617,19.73
Colorado,77,0.16,4081972,3.52
Illinois,100,0.05,3454440,2.98
Indiana,87,0.15,4124065,3.56
Iowa,78,0.14,2601247,2.24
Kansas,50,0.51,7468035,6.44
Kentucky,56,0.41,6682407,5.76
Louisiana,65,0.29,6986911,6.02
Mississippi,45,0.58,7199400,6.21
Missouri,32,1.01,28417261,24.50
Nebraska,58,0.3,3532505,3.05
Nevada,114,0.02,180060,0.16
Oklahoma,41,0.58,9602056,8.28
Tennessee,65,0.29,8767483,7.56
