State,Rank within State,Percentage of State,Amount in State,Amount in State as Percentage of Total Firm Amount
Alaska,100,0.01,42055,0.19
Arizona,112,0.03,746414,3.34
California,112,0.02,2657494,11.91
Colorado,106,0.03,881582,3.95
Connecticut,91,0.03,647503,2.90
Hawaii,120,0,31997,0.14
Illinois,106,0.04,2768070,12.40
Indiana,117,0.04,1013805,4.54
Kansas,113,0.03,462955,2.07
Maine,106,0.02,105842,0.47
Massachusetts,84,0.05,1689789,7.57
Michigan,113,0.03,1375870,6.17
Minnesota,111,0.02,791968,3.55
Montana,103,0.02,86145,0.39
New Hampshire,90,0.04,277466,1.24
New Jersey,101,0.02,1122632,5.03
New York,94,0.01,628049,2.81
Oregon,104,0.03,321001,1.44
Rhode Island,110,0.01,63973,0.29
South Dakota,114,0.02,133183,0.60
Utah,113,0.02,202792,0.91
Vermont,108,0.01,30745,0.14
Washington,114,0.02,465198,2.08
West Virginia,125,0.02,124271,0.56
Wisconsin,76,0.2,5594872,25.07
Wyoming,124,0.02,50256,0.23
