State,Rank within State,Percentage of State,Amount in State,Amount in State as Percentage of Total Firm Amount
Alabama,19,1.4,32029910,8.31
Arizona,117,0.03,609570,0.16
Arkansas,30,0.87,10558243,2.74
California,74,0.11,17197988,4.46
Delaware,62,0.12,1464303,0.38
District of Colombia,39,0.59,2549820,0.66
Florida,68,0.24,22646814,5.87
Georgia,50,0.38,18293677,4.74
Hawaii,119,0,35350,0.01
Idaho,121,0.02,92077,0.02
Illinois,67,0.22,15165248,3.93
Indiana,92,0.11,3140857,0.81
Kansas,106,0.05,669161,0.17
Kentucky,101,0.07,1187278,0.31
Louisiana,12,2.23,53694005,13.93
Maine,101,0.03,139765,0.04
Maryland,59,0.33,9878966,2.56
Michigan,78,0.14,6394094,1.66
Mississippi,15,1.91,23842669,6.18
Missouri,54,0.39,11037063,2.86
New Hampshire,110,0.02,96236,0.02
New Jersey,75,0.07,4439499,1.15
North Carolina,62,0.37,17476548,4.53
Ohio,80,0.15,7616342,1.98
Oklahoma,93,0.1,1639211,0.43
Oregon,118,0.01,178627,0.05
Pennsylvania,77,0.13,8670224,2.25
South Carolina,40,0.63,13496625,3.50
Tennessee,83,0.16,4965648,1.29
Texas,38,0.74,84890627,22.02
Utah,125,0.01,125684,0.03
Virginia,66,0.22,9522364,2.47
West Virginia,109,0.04,259058,0.07
Wisconsin,107,0.05,1548070,0.40
