State,Rank within State,Percentage of State,Amount in State,Amount in State as Percentage of Total Firm Amount
Alabama,74,0.19,4287021,3.88
Alaska,123,0,13908,0.01
Arizona,97,0.06,1371632,1.24
Arkansas,96,0.09,1096278,0.99
Colorado,100,0.05,1347976,1.22
Florida,88,0.08,7383208,6.68
Georgia,84,0.16,7589747,6.87
Idaho,83,0.09,548738,0.50
Illinois,91,0.08,5458785,4.94
Indiana,68,0.26,7312726,6.61
Iowa,69,0.18,3352391,3.03
Kansas,115,0.03,437204,0.40
Kentucky,89,0.16,2540438,2.30
Michigan,46,0.53,24457728,22.12
Minnesota,60,0.2,9629012,8.71
Missouri,99,0.08,2333716,2.11
Montana,122,0.01,48272,0.04
Nebraska,85,0.11,1272306,1.15
North Carolina,95,0.09,4350105,3.93
North Dakota,58,0.25,1133569,1.03
Ohio,83,0.14,7373369,6.67
South Carolina,83,0.18,3818995,3.45
South Dakota,65,0.16,1383431,1.25
Tennessee,93,0.13,3795820,3.43
Utah,71,0.15,1966612,1.78
Virginia,105,0.04,1805537,1.63
Wisconsin,82,0.16,4443550,4.02
