State,Rank within State,Percentage of State,Amount in State,Amount in State as Percentage of Total Firm Amount
Alabama,99,0.07,1502265,1.40
Alaska,61,0.1,413550,0.39
Arizona,96,0.06,1386326,1.29
Arkansas,119,0.05,602631,0.56
California,98,0.03,4861312,4.54
Colorado,92,0.07,1899031,1.77
Connecticut,87,0.03,782479,0.73
Delaware,71,0.07,809477,0.76
District of Colombia,122,0.01,29196,0.03
Florida,97,0.05,5090572,4.75
Georgia,92,0.1,4777092,4.46
Hawaii,125,0,25876,0.02
Idaho,87,0.08,482147,0.45
Illinois,95,0.07,4905431,4.58
Indiana,107,0.07,2021854,1.89
Iowa,94,0.08,1426815,1.33
Kansas,111,0.03,480789,0.45
Louisiana,83,0.16,3899443,3.64
Maine,48,0.51,2400816,2.24
Maryland,97,0.05,1538661,1.44
Massachusetts,74,0.09,3421237,3.19
Michigan,108,0.04,1674006,1.56
Minnesota,81,0.09,4354116,4.06
Montana,61,0.24,884734,0.83
Nebraska,68,0.21,2515356,2.35
Nevada,73,0.15,1554873,1.45
New Hampshire,60,0.26,1586544,1.48
New Mexico,84,0.12,836349,0.78
North Carolina,72,0.23,10881243,10.16
North Dakota,48,0.33,1494237,1.39
Ohio,120,0.03,1752547,1.64
Oklahoma,111,0.05,905027,0.84
Oregon,82,0.08,997986,0.93
Pennsylvania,94,0.06,4193848,3.91
Rhode Island,72,0.12,572616,0.53
South Carolina,73,0.24,5169095,4.83
South Dakota,72,0.12,999763,0.93
Tennessee,82,0.17,5051688,4.72
Texas,101,0.07,7599180,7.09
Utah,81,0.09,1208515,1.13
Vermont,43,0.45,1160339,1.08
Virginia,85,0.11,4555895,4.25
Washington,102,0.03,783267,0.73
West Virginia,57,0.35,2205706,2.06
Wisconsin,117,0.04,1129803,1.05
Wyoming,79,0.11,302912,0.28
