State,Rank within State,Percentage of State,Amount in State,Amount in State as Percentage of Total Firm Amount
Alabama,83,0.13,3039710,2.15
Alaska,66,0.08,349798,0.25
Arizona,92,0.07,1615672,1.14
Arkansas,72,0.24,2884467,2.04
California,64,0.2,33241053,23.56
Colorado,79,0.14,3584219,2.54
Connecticut,115,0.01,190260,0.13
Delaware,114,0.01,73622,0.05
District of Colombia,121,0.01,31745,0.02
Florida,95,0.06,5463681,3.87
Georgia,97,0.09,4274383,3.03
Hawaii,89,0.04,290164,0.21
Idaho,73,0.15,892637,0.63
Illinois,112,0.04,2590776,1.84
Indiana,81,0.19,5288204,3.75
Iowa,116,0.03,575863,0.41
Kansas,75,0.19,2813109,1.99
Kentucky,67,0.33,5320917,3.77
Louisiana,105,0.07,1588464,1.13
Maine,118,0.01,50271,0.04
Maryland,93,0.06,1755012,1.24
Massachusetts,105,0.02,647890,0.46
Michigan,109,0.04,1642763,1.16
Mississippi,68,0.28,3516150,2.49
Missouri,88,0.12,3347328,2.37
Montana,78,0.09,342746,0.24
Nevada,64,0.25,2638745,1.87
New Hampshire,100,0.03,189587,0.13
New Jersey,110,0.01,790357,0.56
New Mexico,91,0.08,570349,0.40
North Carolina,112,0.04,2070713,1.47
Ohio,90,0.11,5794624,4.11
Oklahoma,34,0.77,12819975,9.08
Oregon,67,0.22,2737506,1.94
Pennsylvania,117,0.03,1960438,1.39
Rhode Island,99,0.02,104369,0.07
Tennessee,94,0.12,3713911,2.63
Texas,82,0.15,16833957,11.93
Utah,105,0.02,308262,0.22
Vermont,105,0.01,32902,0.02
Virginia,102,0.04,1902512,1.35
Washington,81,0.07,1916978,1.36
West Virginia,75,0.2,1266718,0.90
Wyoming,119,0.02,57391,0.04
