State,Rank within State,Percentage of State,Amount in State,Amount in State as Percentage of Total Firm Amount
Alaska,112,0.01,25735,1.16
Connecticut,116,0.01,178068,8.00
Delaware,117,0.01,59868,2.69
District of Colombia,116,0.01,45134,2.03
Hawaii,121,0,31036,1.39
Maine,107,0.02,98732,4.44
Maryland,121,0.02,503246,22.62
Montana,118,0.01,51124,2.30
New Hampshire,112,0.01,79164,3.56
New York,92,0.01,800683,35.99
North Dakota,123,0.01,57190,2.57
Rhode Island,115,0.01,45737,2.06
Vermont,95,0.03,68556,3.08
West Virginia,124,0.02,125835,5.66
Wyoming,120,0.02,54884,2.47
