State,Rank within State,Percentage of State,Amount in State,Amount in State as Percentage of Total Firm Amount
Alaska,81,0.02,101799,1.20
Iowa,96,0.08,1401267,16.50
Kansas,107,0.05,657386,7.74
Missouri,120,0.04,1101361,12.97
Montana,99,0.03,118396,1.39
Nebraska,101,0.06,766126,9.02
Nevada,108,0.02,216008,2.54
North Carolina,114,0.04,1896777,22.33
North Dakota,75,0.13,588960,6.93
Oregon,124,0.01,139387,1.64
South Dakota,96,0.04,327510,3.86
Wisconsin,119,0.04,1083414,12.76
Wyoming,106,0.03,94961,1.12
