State,Rank within State,Percentage of State,Amount in State,Amount in State as Percentage of Total Firm Amount
Alabama,114,0.04,1014317,2.93
Alaska,120,0,17481,0.05
Connecticut,97,0.02,471845,1.36
Hawaii,117,0.01,43814,0.13
Illinois,124,0.02,1640278,4.74
Indiana,77,0.22,6118959,17.67
Iowa,67,0.2,3698438,10.68
Maine,116,0.01,64776,0.19
Massachusetts,121,0.01,334186,0.97
Michigan,97,0.06,2684672,7.75
Minnesota,74,0.12,5826989,16.83
Mississippi,111,0.05,662900,1.91
Missouri,115,0.04,1229644,3.55
Nebraska,80,0.14,1639408,4.74
New Hampshire,70,0.16,985898,2.85
New Jersey,113,0.01,736063,2.13
New York,99,0,552415,1.60
North Dakota,105,0.03,155265,0.45
Pennsylvania,101,0.05,3556256,10.27
Rhode Island,111,0.01,63857,0.18
South Dakota,120,0.01,96201,0.28
Vermont,117,0.01,16497,0.05
Wisconsin,90,0.11,3011014,8.70
