State,Rank within State,Percentage of State,Amount in State,Amount in State as Percentage of Total Firm Amount
Alabama,104,0.06,1293276,3.17
Alaska,97,0.01,43192,0.11
Arizona,105,0.04,1032222,2.53
Arkansas,109,0.07,809277,1.98
California,96,0.03,5404977,13.25
Colorado,116,0.03,692506,1.70
Connecticut,110,0.01,250394,0.61
Delaware,116,0.01,68179,0.17
District of Colombia,92,0.04,169926,0.42
Florida,110,0.04,3645368,8.93
Georgia,107,0.06,3099356,7.60
Hawaii,72,0.09,675567,1.66
Idaho,103,0.04,205599,0.50
Kentucky,118,0.03,535352,1.31
Louisiana,113,0.05,1141899,2.80
Maine,75,0.07,347808,0.85
Maryland,99,0.05,1449759,3.55
Massachusetts,110,0.01,500978,1.23
Mississippi,124,0.04,439664,1.08
Montana,124,0.01,44915,0.11
Nevada,104,0.03,282999,0.69
New Hampshire,97,0.03,206392,0.51
New Mexico,90,0.09,615934,1.51
North Carolina,106,0.06,2858686,7.01
Oklahoma,104,0.07,1081430,2.65
Oregon,98,0.03,353963,0.87
Rhode Island,83,0.06,282419,0.69
South Carolina,109,0.06,1330461,3.26
Tennessee,111,0.05,1547742,3.79
Texas,114,0.05,5746473,14.08
Utah,99,0.03,444989,1.09
Vermont,89,0.03,84033,0.21
Virginia,99,0.06,2484433,6.09
Washington,93,0.05,1287757,3.16
West Virginia,106,0.05,282724,0.69
Wyoming,115,0.02,59721,0.15
