State,Rank within State,Percentage of State,Amount in State,Amount in State as Percentage of Total Firm Amount
Alabama,123,0.03,627246,2.30
Alaska,105,0.01,38218,0.14
Arizona,113,0.03,743707,2.73
California,108,0.02,2960206,10.86
Colorado,118,0.02,589758,2.16
Connecticut,93,0.02,606821,2.23
Delaware,95,0.02,231642,0.85
District of Colombia,109,0.01,61796,0.23
Florida,116,0.03,2445014,8.97
Hawaii,107,0.01,86338,0.32
Idaho,109,0.03,159327,0.58
Illinois,122,0.02,1684870,6.18
Kansas,116,0.03,423889,1.56
Maine,94,0.04,200930,0.74
Maryland,111,0.03,783497,2.87
Massachusetts,103,0.02,692023,2.54
Montana,101,0.03,112649,0.41
Nevada,98,0.03,362172,1.33
New Hampshire,105,0.02,141687,0.52
New Jersey,90,0.03,1766635,6.48
New Mexico,103,0.05,350396,1.29
New York,69,0.05,5555890,20.39
Oregon,111,0.02,249180,0.91
Rhode Island,97,0.03,119460,0.44
Texas,125,0.03,3509633,12.88
Utah,110,0.02,234318,0.86
Vermont,100,0.02,44547,0.16
Virginia,116,0.02,999006,3.67
Washington,98,0.04,992249,3.64
West Virginia,99,0.06,353731,1.30
Wyoming,101,0.05,127010,0.47
