State,Rank within State,Percentage of State,Amount in State,Amount in State as Percentage of Total Firm Amount
Alaska,83,0.02,100791,0.03
Arizona,31,0.98,23083535,5.88
Colorado,29,1.17,29787404,7.58
Connecticut,124,0,74969,0.02
District of Colombia,120,0.01,31883,0.01
Florida,119,0.02,2076231,0.53
Georgia,102,0.08,3964183,1.01
Hawaii,104,0.01,93699,0.02
Idaho,57,0.3,1761861,0.45
Illinois,41,0.62,43062508,10.96
Indiana,40,0.68,19019627,4.84
Iowa,32,0.82,15191935,3.87
Kansas,19,1.49,21724840,5.53
Maine,122,0.01,39484,0.01
Minnesota,29,0.95,45704783,11.63
Missouri,14,1.75,49165778,12.52
Montana,89,0.05,200581,0.05
Nebraska,25,1.07,12595589,3.21
Nevada,50,0.48,4986006,1.27
New Hampshire,121,0.01,38594,0.01
New Mexico,119,0.03,211376,0.05
New York,117,0,292579,0.07
North Dakota,21,1.63,7464642,1.90
Ohio,65,0.26,13524973,3.44
Oregon,45,0.52,6593083,1.68
South Dakota,22,0.99,8524543,2.17
Utah,59,0.28,3727226,0.95
Vermont,101,0.01,37635,0.01
Washington,57,0.29,7485520,1.91
Wisconsin,9,2.55,72073372,18.35
Wyoming,85,0.07,209573,0.05
