State,Rank within State,Percentage of State,Amount in State,Amount in State as Percentage of Total Firm Amount
Alabama,81,0.15,3367105,5.67
Alaska,98,0.01,43176,0.07
Arizona,109,0.04,868716,1.46
Arkansas,122,0.04,538226,0.91
California,83,0.07,11563709,19.48
Colorado,102,0.04,1130446,1.90
Connecticut,112,0.01,210735,0.36
Delaware,112,0.01,76648,0.13
District of Colombia,58,0.18,754158,1.27
Florida,109,0.04,3731599,6.29
Georgia,114,0.05,2589714,4.36
Hawaii,98,0.02,166712,0.28
Illinois,108,0.04,2713189,4.57
Indiana,123,0.03,832853,1.40
Kansas,102,0.06,885736,1.49
Kentucky,112,0.04,717276,1.21
Louisiana,125,0.04,943910,1.59
Maryland,66,0.25,7364550,12.41
Massachusetts,124,0.01,249995,0.42
Michigan,100,0.04,2075499,3.50
Mississippi,101,0.08,950529,1.60
Missouri,117,0.04,1179697,1.99
Montana,107,0.02,80808,0.14
Nevada,103,0.03,292691,0.49
New Hampshire,113,0.01,76437,0.13
New Jersey,106,0.01,856504,1.44
New Mexico,121,0.03,206739,0.35
North Carolina,116,0.04,1846133,3.11
North Dakota,124,0.01,56545,0.10
Ohio,118,0.03,1796916,3.03
Oklahoma,121,0.03,567446,0.96
Oregon,107,0.02,305094,0.51
Pennsylvania,119,0.02,1525351,2.57
Rhode Island,124,0.01,26184,0.04
South Carolina,116,0.05,1056203,1.78
Tennessee,115,0.05,1461125,2.46
Texas,123,0.03,3763340,6.34
Virginia,109,0.04,1526543,2.57
Washington,100,0.03,904137,1.52
Wyoming,123,0.02,50668,0.09
