State,Rank within State,Percentage of State,Amount in State,Amount in State as Percentage of Total Firm Amount
Arizona,110,0.03,787230,1.69
Arkansas,117,0.05,610698,1.31
California,106,0.02,3009168,6.45
Colorado,113,0.03,740346,1.59
Connecticut,120,0,119742,0.26
District of Colombia,110,0.01,59486,0.13
Florida,111,0.03,2910187,6.24
Georgia,101,0.08,4050522,8.69
Hawaii,97,0.02,168705,0.36
Idaho,97,0.06,334277,0.72
Illinois,109,0.04,2687415,5.76
Indiana,100,0.09,2428127,5.21
Iowa,106,0.05,878719,1.88
Kansas,88,0.12,1709495,3.67
Kentucky,98,0.09,1389285,2.98
Maryland,120,0.02,509377,1.09
Massachusetts,116,0.01,397559,0.85
Michigan,99,0.05,2224640,4.77
Minnesota,122,0.01,574572,1.23
Missouri,103,0.07,1829851,3.93
Nebraska,102,0.06,760981,1.63
Nevada,100,0.03,326391,0.70
New Jersey,120,0.01,547808,1.18
New Mexico,125,0.02,167719,0.36
North Carolina,100,0.08,3729800,8.00
North Dakota,112,0.03,119425,0.26
Ohio,99,0.07,3822176,8.20
Oklahoma,115,0.05,818906,1.76
Oregon,121,0.01,149661,0.32
Pennsylvania,111,0.04,2562113,5.50
Rhode Island,122,0.01,31693,0.07
South Carolina,91,0.11,2348570,5.04
South Dakota,95,0.04,348906,0.75
Tennessee,113,0.05,1524714,3.27
Utah,97,0.04,529302,1.14
Virginia,121,0.02,802171,1.72
Washington,108,0.02,511714,1.10
Wyoming,105,0.03,96304,0.21
