State,Rank within State,Percentage of State,Amount in State,Amount in State as Percentage of Total Firm Amount
Indiana,125,0.03,764914,3.40
Iowa,64,0.23,4322395,19.21
Kansas,125,0.02,281860,1.25
Kentucky,83,0.18,2917135,12.96
Maine,99,0.03,158809,0.71
Massachusetts,114,0.01,404485,1.80
Minnesota,85,0.07,3598396,15.99
Nebraska,76,0.16,1891742,8.41
New Hampshire,96,0.03,213931,0.95
North Dakota,106,0.03,149509,0.66
Ohio,106,0.05,2537282,11.28
South Dakota,78,0.1,879133,3.91
Vermont,88,0.03,86067,0.38
Wisconsin,84,0.15,4295387,19.09
