State,Rank within State,Percentage of State,Amount in State,Amount in State as Percentage of Total Firm Amount
Arizona,93,0.07,1598119,4.23
Arkansas,105,0.07,872093,2.31
California,104,0.02,3699614,9.79
District of Colombia,123,0.01,28476,0.08
Florida,98,0.05,4961535,13.13
Georgia,124,0.03,1474059,3.90
Hawaii,93,0.03,240145,0.64
Idaho,115,0.02,137314,0.36
Iowa,111,0.04,699574,1.85
Louisiana,114,0.04,1071337,2.83
Massachusetts,107,0.02,561274,1.49
Michigan,115,0.03,1321886,3.50
Minnesota,123,0.01,571128,1.51
Missouri,110,0.05,1501340,3.97
Nebraska,108,0.04,528650,1.40
New Jersey,94,0.02,1540753,4.08
New Mexico,98,0.06,381630,1.01
Ohio,121,0.03,1650489,4.37
Rhode Island,114,0.01,57951,0.15
South Dakota,115,0.01,125004,0.33
Tennessee,119,0.04,1262528,3.34
Texas,110,0.05,6155362,16.29
Utah,96,0.04,541342,1.43
Washington,67,0.17,4389250,11.61
Wisconsin,98,0.08,2207223,5.84
Wyoming,84,0.08,211603,0.56
