State,Rank within State,Percentage of State,Amount in State,Amount in State as Percentage of Total Firm Amount
Arkansas,103,0.08,917101,5.24
Colorado,104,0.04,1086883,6.21
Kansas,76,0.19,2796704,15.98
Minnesota,114,0.02,729877,4.17
Missouri,106,0.06,1610300,9.20
Nebraska,90,0.09,1011499,5.78
Nevada,124,0.01,116435,0.67
New Mexico,106,0.04,301408,1.72
North Dakota,102,0.04,189979,1.09
Ohio,115,0.04,1856892,10.61
Oklahoma,116,0.05,802450,4.59
South Dakota,80,0.1,851375,4.87
Texas,117,0.04,5073744,29.00
Wyoming,90,0.05,152740,0.87
