State,Rank within State,Percentage of State,Amount in State,Amount in State as Percentage of Total Firm Amount
Alaska,79,0.02,105621,0.18
Arizona,74,0.15,3652410,6.14
California,90,0.04,6812364,11.44
Colorado,97,0.06,1412712,2.37
Delaware,86,0.03,362824,0.61
Hawaii,55,0.25,1881775,3.16
Idaho,22,1.59,9260757,15.56
Massachusetts,115,0.01,403637,0.68
Minnesota,89,0.06,2845643,4.78
Montana,86,0.06,224978,0.38
Nevada,69,0.21,2179648,3.66
New Mexico,92,0.08,541388,0.91
Oregon,74,0.13,1593564,2.68
Utah,21,1.66,22310432,37.48
Washington,66,0.19,4904290,8.24
Wyoming,49,0.37,1038544,1.74
