State,Rank within State,Percentage of State,Amount in State,Amount in State as Percentage of Total Firm Amount
Alabama,112,0.05,1040838,2.50
Arizona,115,0.03,643377,1.55
Arkansas,81,0.17,2033350,4.88
Colorado,109,0.03,796918,1.91
Hawaii,109,0.01,68310,0.16
Idaho,116,0.02,127055,0.31
Illinois,117,0.03,2140977,5.14
Indiana,113,0.05,1349632,3.24
Iowa,43,0.59,10871353,26.11
Kansas,78,0.19,2701189,6.49
Kentucky,120,0.03,471048,1.13
Maine,119,0.01,47256,0.11
Michigan,118,0.03,1203603,2.89
Minnesota,93,0.05,2227145,5.35
Mississippi,86,0.13,1676876,4.03
Missouri,90,0.12,3304248,7.94
Montana,90,0.05,199797,0.48
Nebraska,64,0.25,2972616,7.14
North Carolina,122,0.03,1551052,3.73
North Dakota,81,0.1,449650,1.08
Oklahoma,99,0.07,1210675,2.91
Rhode Island,78,0.09,427860,1.03
South Carolina,111,0.06,1196277,2.87
South Dakota,79,0.1,875725,2.10
Washington,117,0.02,401798,0.97
Wisconsin,110,0.05,1433584,3.44
Wyoming,83,0.08,214746,0.52
