State,Rank within State,Percentage of State,Amount in State,Amount in State as Percentage of Total Firm Amount
Arizona,87,0.09,2136113,3.50
California,91,0.04,6481867,10.63
Colorado,105,0.04,1005163,1.65
Connecticut,71,0.14,3403413,5.58
Delaware,122,0,50403,0.08
District of Colombia,106,0.02,68745,0.11
Florida,120,0.02,2045244,3.35
Hawaii,111,0.01,62831,0.10
Illinois,115,0.03,2293025,3.76
Indiana,114,0.05,1274348,2.09
Kentucky,93,0.12,1914970,3.14
Maryland,116,0.02,670125,1.10
Massachusetts,85,0.05,1673018,2.74
Michigan,112,0.03,1410815,2.31
Minnesota,106,0.02,1018036,1.67
Nebraska,110,0.04,507001,0.83
New Hampshire,115,0.01,67273,0.11
New Jersey,73,0.08,4990114,8.19
New York,57,0.15,18172327,29.81
North Dakota,119,0.02,87801,0.14
Ohio,114,0.04,1939834,3.18
Oregon,66,0.25,3184467,5.22
Pennsylvania,106,0.05,2996434,4.91
Rhode Island,100,0.02,91283,0.15
Vermont,114,0.01,20097,0.03
Virginia,111,0.03,1162589,1.91
Washington,83,0.07,1850930,3.04
West Virginia,97,0.06,386974,0.63
