State,Rank within State,Percentage of State,Amount in State,Amount in State as Percentage of Total Firm Amount
Alaska,124,0,13221,0.03
Arizona,116,0.03,616048,1.22
Colorado,103,0.04,1107460,2.20
Connecticut,107,0.01,329388,0.65
Delaware,123,0,47807,0.09
District of Colombia,117,0.01,40331,0.08
Florida,107,0.04,3869166,7.67
Georgia,123,0.04,1817325,3.60
Idaho,105,0.03,199057,0.39
Illinois,87,0.09,6129935,12.15
Indiana,109,0.06,1559383,3.09
Iowa,82,0.11,2097874,4.16
Kansas,114,0.03,462575,0.92
Kentucky,85,0.17,2768458,5.49
Louisiana,117,0.04,1040697,2.06
Maryland,105,0.04,1118254,2.22
Massachusetts,101,0.02,712495,1.41
Michigan,105,0.04,1856264,3.68
Minnesota,96,0.04,2033768,4.03
Mississippi,119,0.04,504125,1.00
Missouri,109,0.05,1504190,2.98
Nebraska,100,0.06,766754,1.52
Nevada,113,0.02,180878,0.36
North Carolina,123,0.03,1510917,2.99
North Dakota,87,0.08,387880,0.77
Ohio,111,0.04,2246294,4.45
Oregon,125,0.01,133756,0.27
Rhode Island,121,0.01,33376,0.07
South Carolina,106,0.07,1592476,3.16
South Dakota,67,0.14,1219608,2.42
Texas,112,0.05,6053194,12.00
Utah,121,0.01,138892,0.28
Vermont,102,0.01,34434,0.07
Virginia,94,0.07,3144110,6.23
Washington,124,0.01,216802,0.43
West Virginia,123,0.02,136705,0.27
Wisconsin,93,0.09,2679517,5.31
Wyoming,92,0.05,148591,0.29
