State,Rank within State,Percentage of State,Amount in State,Amount in State as Percentage of Total Firm Amount
Arizona,118,0.03,596367,2.46
Colorado,122,0.02,500014,2.06
Idaho,125,0.01,76435,0.32
Indiana,108,0.07,1910376,7.89
Kentucky,121,0.03,464347,1.92
Maine,78,0.07,337442,1.39
Maryland,124,0.01,437698,1.81
Michigan,116,0.03,1300946,5.37
Nebraska,121,0.03,314072,1.30
New Hampshire,82,0.07,438194,1.81
New Mexico,93,0.08,522231,2.16
North Carolina,115,0.04,1852234,7.65
Oklahoma,118,0.04,635090,2.62
Rhode Island,113,0.01,60768,0.25
South Carolina,41,0.61,13170429,54.36
South Dakota,85,0.08,657472,2.71
Vermont,111,0.01,21858,0.09
Virginia,124,0.01,588392,2.43
West Virginia,100,0.05,342176,1.41
