State,Rank within State,Percentage of State,Amount in State,Amount in State as Percentage of Total Firm Amount
California,84,0.07,11024724,3.61
Colorado,67,0.22,5656492,1.85
Connecticut,50,0.37,9431322,3.09
Georgia,48,0.42,20471224,6.71
Illinois,96,0.07,4652609,1.52
Indiana,35,0.86,24242670,7.95
Kentucky,53,0.46,7378917,2.42
Maine,45,0.57,2707176,0.89
Massachusetts,24,1.14,41835173,13.71
Michigan,14,1.86,85676279,28.08
Missouri,66,0.28,7833773,2.57
Nevada,74,0.15,1551264,0.51
New Hampshire,43,0.57,3520057,1.15
New Jersey,109,0.01,793032,0.26
New Mexico,113,0.04,263307,0.09
New York,67,0.06,7566944,2.48
Ohio,49,0.45,23402588,7.67
Texas,81,0.15,16845261,5.52
Vermont,79,0.06,164762,0.05
Virginia,48,0.47,20315992,6.66
Wisconsin,57,0.35,9764561,3.20
