State,Rank within State,Percentage of State,Amount in State,Amount in State as Percentage of Total Firm Amount
California,113,0.02,2590759,36.06
Connecticut,118,0.01,166900,2.32
Delaware,109,0.01,98545,1.37
District of Colombia,118,0.01,38129,0.53
Hawaii,110,0.01,65972,0.92
Illinois,125,0.02,1632116,22.72
Maine,102,0.03,129565,1.80
Maryland,125,0.01,429612,5.98
Massachusetts,120,0.01,349971,4.87
New Hampshire,98,0.03,199934,2.78
New Jersey,116,0.01,675429,9.40
Rhode Island,109,0.01,64206,0.89
South Dakota,124,0.01,83963,1.17
Vermont,82,0.04,107390,1.49
West Virginia,94,0.09,551777,7.68
