State,Rank within State,Percentage of State,Amount in State,Amount in State as Percentage of Total Firm Amount
Alaska,109,0.01,29775,0.01
Arizona,90,0.07,1736836,0.56
California,111,0.02,2665252,0.86
Colorado,86,0.1,2487307,0.80
Connecticut,58,0.26,6490799,2.10
Delaware,76,0.05,645520,0.21
District of Colombia,65,0.14,615828,0.20
Florida,76,0.15,13880588,4.49
Georgia,106,0.07,3384302,1.10
Hawaii,96,0.03,187612,0.06
Idaho,113,0.02,140360,0.05
Kansas,91,0.1,1512935,0.49
Maine,76,0.07,347249,0.11
Maryland,50,0.47,14052018,4.55
Massachusetts,77,0.07,2695438,0.87
Michigan,83,0.12,5406202,1.75
Minnesota,72,0.13,6191791,2.00
Mississippi,112,0.05,626760,0.20
Missouri,111,0.05,1418312,0.46
Nevada,89,0.06,645498,0.21
New Hampshire,85,0.06,366230,0.12
New Jersey,43,0.44,26989586,8.73
New Mexico,109,0.04,283803,0.09
New York,15,1.56,188801497,61.09
North Carolina,93,0.1,4628282,1.50
North Dakota,122,0.02,79380,0.03
Pennsylvania,79,0.12,7916512,2.56
Rhode Island,74,0.11,512880,0.17
South Carolina,84,0.16,3477742,1.13
Texas,118,0.04,4651669,1.51
Utah,88,0.07,920028,0.30
Vermont,53,0.24,633137,0.20
Virginia,97,0.07,2951941,0.96
Washington,111,0.02,493334,0.16
Wisconsin,118,0.04,1117414,0.36
Wyoming,117,0.02,58393,0.02
