State,Rank within State,Percentage of State,Amount in State,Amount in State as Percentage of Total Firm Amount
Alabama,96,0.08,1795097,0.25
Arkansas,5,4.28,52035690,7.33
Colorado,84,0.11,2790304,0.39
Florida,51,0.4,38366723,5.41
Georgia,28,1.11,53727206,7.57
Kentucky,14,1.73,28068998,3.96
Louisiana,8,2.8,67499013,9.51
Mississippi,2,6.09,75994637,10.71
North Carolina,7,3.27,152725975,21.52
South Carolina,13,1.86,39871108,5.62
Tennessee,106,0.07,2014734,0.28
Texas,23,1.35,155032311,21.85
Virginia,29,0.92,39712524,5.60
