State,Rank within State,Percentage of State,Amount in State,Amount in State as Percentage of Total Firm Amount
Alaska,63,0.09,401385,0.80
Arkansas,123,0.04,494286,0.98
Colorado,107,0.03,852357,1.69
Connecticut,78,0.07,1884002,3.73
Delaware,115,0.01,73228,0.15
Florida,124,0.02,1748960,3.47
Hawaii,118,0.01,38478,0.08
Idaho,90,0.07,395224,0.78
Iowa,91,0.08,1535263,3.04
Kansas,83,0.16,2349999,4.66
Maine,104,0.02,110180,0.22
Maryland,88,0.07,2067772,4.10
Michigan,122,0.02,1113046,2.21
Missouri,95,0.1,2796885,5.54
Montana,91,0.05,179004,0.35
Nebraska,83,0.11,1302494,2.58
New Hampshire,88,0.06,350263,0.69
New Mexico,75,0.17,1155263,2.29
North Dakota,70,0.15,670646,1.33
Ohio,122,0.03,1577635,3.13
South Dakota,71,0.12,1007123,2.00
Texas,72,0.22,24745987,49.03
Utah,115,0.01,199041,0.39
Vermont,81,0.04,108284,0.21
Virginia,114,0.02,1063603,2.11
Washington,123,0.01,235366,0.47
West Virginia,120,0.03,159167,0.32
Wisconsin,115,0.04,1243774,2.46
Wyoming,61,0.22,611238,1.21
