State,Rank within State,Percentage of State,Amount in State,Amount in State as Percentage of Total Firm Amount
Alabama,106,0.05,1174737,10.10
Georgia,100,0.09,4154365,35.72
Idaho,122,0.02,90267,0.78
Iowa,125,0.02,365694,3.14
Kansas,118,0.03,380131,3.27
Minnesota,113,0.02,732495,6.30
Mississippi,107,0.06,790574,6.80
Montana,108,0.02,78053,0.67
Nebraska,123,0.03,302599,2.60
South Carolina,93,0.1,2221372,19.10
South Dakota,118,0.01,110582,0.95
Tennessee,122,0.04,1175560,10.11
Wyoming,121,0.02,52518,0.45
