State,Rank within State,Percentage of State,Amount in State,Amount in State as Percentage of Total Firm Amount
Alabama,125,0.02,513294,6.67
Arizona,120,0.02,513026,6.66
Arkansas,113,0.06,732885,9.52
Idaho,94,0.06,354984,4.61
Iowa,121,0.02,393719,5.11
Kansas,120,0.02,354840,4.61
Kentucky,115,0.04,615798,8.00
Montana,95,0.04,150943,1.96
Nebraska,93,0.08,902068,11.71
Nevada,115,0.02,168843,2.19
New Mexico,120,0.03,208761,2.71
New York,114,0,360675,4.68
North Dakota,114,0.02,113240,1.47
Oregon,101,0.03,345685,4.49
Utah,100,0.03,441807,5.74
Washington,113,0.02,477397,6.20
West Virginia,96,0.07,434685,5.64
Wyoming,59,0.22,617978,8.03
