State,Rank within State,Percentage of State,Amount in State,Amount in State as Percentage of Total Firm Amount
Alaska,108,0.01,32236,0.42
California,121,0.01,2067932,26.78
Connecticut,108,0.01,318950,4.13
District of Colombia,113,0.01,55708,0.72
Hawaii,105,0.01,93295,1.21
Maine,111,0.02,77705,1.01
Maryland,123,0.01,437802,5.67
Massachusetts,86,0.04,1629060,21.10
New Hampshire,99,0.03,196399,2.54
New Jersey,103,0.02,1072431,13.89
New York,86,0.01,1147339,14.86
Oregon,123,0.01,140603,1.82
Rhode Island,108,0.01,66292,0.86
Vermont,104,0.01,33632,0.44
Washington,119,0.01,352004,4.56
