State,Rank within State,Percentage of State,Amount in State,Amount in State as Percentage of Total Firm Amount
Arkansas,70,0.05,729000,1.81
California,84,0.01,1458328,3.62
Connecticut,56,0.05,2190684,5.44
Florida,120,0,243789,0.61
Georgia,81,0.02,919677,2.28
Maryland,72,0.02,1068985,2.66
Massachusetts,83,0,288736,0.72
Michigan,66,0.07,6538334,16.24
Minnesota,121,0,32646,0.08
New Jersey,70,0.02,1849101,4.59
New York,44,0.1,17212158,42.76
Ohio,102,0.01,1231300,3.06
Pennsylvania,110,0.01,802742,1.99
South Dakota,115,0,1515,0.00
Tennessee,59,0.1,4763653,11.83
Texas,112,0,557604,1.39
Virginia,93,0,301533,0.75
Wisconsin,117,0,67450,0.17
