State,Rank within State,Percentage of State,Amount in State,Amount in State as Percentage of Total Firm Amount
Arizona,119,0,53625,0.14
Delaware,101,0,500,0.00
District of Colombia,80,0,3224,0.01
Florida,99,0,583858,1.49
Illinois,120,0.01,581411,1.48
Indiana,90,0.01,865274,2.20
Kentucky,114,0,14750,0.04
Maryland,63,0.05,2835607,7.22
Mississippi,86,0.01,125250,0.32
Montana,105,0,620,0.00
Nebraska,124,0,5683,0.01
Nevada,124,0,1180,0.00
New Hampshire,78,0,21300,0.05
New Jersey,116,0,16966,0.04
New York,110,0,32524,0.08
North Carolina,75,0.03,2187821,5.57
Ohio,93,0.02,1956513,4.98
Pennsylvania,52,0.16,21408187,54.52
Rhode Island,97,0,150,0.00
South Carolina,107,0,50203,0.13
South Dakota,114,0,1600,0.00
Tennessee,85,0.01,521869,1.33
Vermont,79,0,1200,0.00
Virginia,59,0.07,4290762,10.93
West Virginia,49,0.17,2284357,5.82
Wisconsin,88,0.03,1424394,3.63
