State,Rank within State,Percentage of State,Amount in State,Amount in State as Percentage of Total Firm Amount
Alabama,67,0.03,887389,1.88
Arizona,122,0,42307,0.09
Arkansas,91,0.01,145249,0.31
California,118,0,195353,0.41
Colorado,93,0.01,263936,0.56
Delaware,77,0,52600,0.11
Florida,94,0,844077,1.79
Georgia,104,0,144781,0.31
Idaho,73,0.02,210734,0.45
Illinois,87,0.04,3490006,7.40
Indiana,67,0.05,2959898,6.28
Iowa,56,0.14,4448785,9.43
Kansas,70,0.06,1215849,2.58
Kentucky,91,0.01,239312,0.51
Maryland,83,0.01,498696,1.06
Michigan,73,0.04,3524687,7.47
Minnesota,60,0.1,5465696,11.59
Missouri,82,0.02,1220107,2.59
Montana,104,0,680,0.00
Nebraska,99,0.01,96108,0.20
Nevada,74,0.02,239489,0.51
New Hampshire,86,0,5500,0.01
New Jersey,115,0,20000,0.04
New Mexico,64,0.08,778850,1.65
New York,122,0,8100,0.02
North Carolina,105,0,98211,0.21
North Dakota,60,0.09,624170,1.32
Ohio,76,0.04,4194172,8.89
Oklahoma,108,0,24000,0.05
Oregon,99,0,26715,0.06
Pennsylvania,78,0.05,6114163,12.96
South Carolina,117,0,22875,0.05
South Dakota,60,0.07,486032,1.03
Tennessee,60,0.1,4746387,10.06
Texas,108,0,782651,1.66
Utah,88,0,86300,0.18
Virginia,97,0,219563,0.47
Washington,85,0,130973,0.28
West Virginia,77,0.03,357985,0.76
Wisconsin,78,0.04,2257225,4.79
