State,Rank within State,Percentage of State,Amount in State,Amount in State as Percentage of Total Firm Amount
Alaska,92,0,144,0.00
Arkansas,87,0.01,202729,1.46
California,109,0,275780,1.98
Colorado,73,0.02,838575,6.02
Idaho,39,0.41,3756635,26.97
Iowa,94,0.01,233926,1.68
Kansas,121,0,12913,0.09
Massachusetts,124,0,500,0.00
Minnesota,78,0.04,1911665,13.73
Missouri,66,0.04,2689347,19.31
Montana,86,0,8228,0.06
Nebraska,96,0.01,134502,0.97
Nevada,112,0,4850,0.03
Oklahoma,98,0.01,135807,0.98
Oregon,66,0.03,841482,6.04
South Dakota,105,0,5300,0.04
Texas,109,0,733075,5.26
Utah,85,0,97206,0.70
Washington,66,0.04,1717443,12.33
Wisconsin,114,0,77901,0.56
Wyoming,57,0.06,250000,1.79
