State,Rank within State,Percentage of State,Amount in State,Amount in State as Percentage of Total Firm Amount
Alabama,101,0,12500,0.12
Georgia,93,0,253573,2.37
Indiana,82,0.02,1310610,12.28
Kentucky,79,0.02,487458,4.57
Maine,87,0,5500,0.05
Maryland,121,0,6500,0.06
Massachusetts,123,0,550,0.01
New Jersey,100,0,118439,1.11
Ohio,73,0.05,5296490,49.61
Pennsylvania,98,0.01,2008352,18.81
South Carolina,87,0.01,258691,2.42
Tennessee,107,0,63145,0.59
West Virginia,62,0.06,764977,7.16
Wisconsin,113,0,90096,0.84
