State,Rank within State,Percentage of State,Amount in State,Amount in State as Percentage of Total Firm Amount
Alabama,58,0.05,1520816,0.55
Alaska,39,0.33,1218012,0.44
Arizona,77,0.02,1161254,0.42
Arkansas,55,0.17,2536502,0.92
California,59,0.07,16726376,6.07
Colorado,63,0.05,2323596,0.84
Delaware,65,0.01,259223,0.09
District of Colombia,51,0.04,300000,0.11
Florida,59,0.08,14916794,5.41
Georgia,64,0.04,2330621,0.85
Hawaii,55,0.05,668796,0.24
Idaho,62,0.06,573819,0.21
Illinois,53,0.15,15053542,5.46
Indiana,68,0.05,2919915,1.06
Iowa,44,0.24,7298327,2.65
Kansas,69,0.06,1239455,0.45
Kentucky,35,0.44,11102193,4.03
Louisiana,66,0.05,1646423,0.60
Maine,67,0.01,118796,0.04
Maryland,52,0.1,5228680,1.90
Massachusetts,56,0.06,4740427,1.72
Michigan,45,0.26,25066352,9.09
Mississippi,56,0.12,1702024,0.62
Missouri,65,0.04,2813899,1.02
Montana,63,0.03,159304,0.06
Nebraska,61,0.1,1756731,0.64
Nevada,65,0.04,604818,0.22
New Jersey,89,0,244820,0.09
New Mexico,60,0.12,1167166,0.42
New York,92,0,214294,0.08
North Carolina,73,0.04,2435703,0.88
North Dakota,62,0.09,611111,0.22
Ohio,62,0.1,9874010,3.58
Oklahoma,32,0.82,15759534,5.72
Oregon,60,0.05,1215920,0.44
Pennsylvania,65,0.08,10321239,3.74
South Carolina,53,0.15,5517836,2.00
South Dakota,54,0.1,657386,0.24
Tennessee,46,0.31,14391257,5.22
Texas,46,0.29,46585277,16.90
Utah,68,0.04,872658,0.32
Virginia,60,0.05,3567885,1.29
Washington,41,0.36,15753616,5.71
West Virginia,69,0.04,559523,0.20
Wisconsin,41,0.36,19569802,7.10
Wyoming,52,0.09,385000,0.14
