State,Rank within State,Percentage of State,Amount in State,Amount in State as Percentage of Total Firm Amount
Connecticut,80,0.01,257406,2.76
District of Colombia,92,0,793,0.01
Hawaii,102,0,600,0.01
Idaho,124,0,80,0.00
Kentucky,113,0,14874,0.16
Louisiana,115,0,19635,0.21
Maryland,120,0,6605,0.07
Massachusetts,106,0,17965,0.19
Mississippi,113,0,3663,0.04
Nevada,121,0,1364,0.01
New Jersey,77,0.01,883287,9.48
New York,54,0.04,7214671,77.40
North Carolina,89,0.01,699506,7.50
Oregon,122,0,200,0.00
South Dakota,110,0,2400,0.03
Tennessee,108,0,62926,0.68
Vermont,86,0,484,0.01
Virginia,104,0,87563,0.94
Wisconsin,120,0,47614,0.51
