State,Rank within State,Percentage of State,Amount in State,Amount in State as Percentage of Total Firm Amount
Arizona,107,0,100888,0.59
Arkansas,101,0.01,83447,0.49
California,120,0,182463,1.07
Colorado,101,0,121921,0.72
Connecticut,83,0,173565,1.02
Florida,108,0,405604,2.39
Georgia,100,0,183332,1.08
Hawaii,107,0,347,0.00
Illinois,95,0.02,2227737,13.11
Indiana,102,0.01,519834,3.06
Iowa,99,0,112610,0.66
Kansas,79,0.03,565498,3.33
Kentucky,112,0,20785,0.12
Louisiana,91,0.01,219607,1.29
Maryland,105,0,29746,0.18
Massachusetts,114,0,3600,0.02
Michigan,97,0.01,619119,3.64
Mississippi,75,0.02,270698,1.59
Missouri,53,0.12,7510717,44.21
Nebraska,119,0,8788,0.05
Nevada,109,0,6259,0.04
New Hampshire,90,0,790,0.00
New Mexico,108,0,2634,0.02
New York,124,0,6500,0.04
North Carolina,108,0,71616,0.42
Oklahoma,112,0,14120,0.08
Oregon,103,0,12252,0.07
South Carolina,118,0,17595,0.10
South Dakota,101,0,6500,0.04
Tennessee,96,0,223746,1.32
Texas,87,0.02,2808240,16.53
Utah,108,0,1869,0.01
Virginia,119,0,32122,0.19
Washington,103,0,20169,0.12
Wisconsin,101,0.01,402495,2.37
Wyoming,103,0,673,0.00
