State,Rank within State,Percentage of State,Amount in State,Amount in State as Percentage of Total Firm Amount
Alaska,79,0,3000,0.01
Arizona,123,0,40100,0.16
California,104,0,321687,1.32
Colorado,123,0,46400,0.19
Delaware,71,0,107114,0.44
District of Colombia,67,0,23484,0.10
Florida,101,0,574435,2.36
Idaho,87,0,28791,0.12
Illinois,119,0.01,680139,2.79
Indiana,61,0.07,4061158,16.68
Iowa,101,0,104369,0.43
Kansas,68,0.06,1253850,5.15
Kentucky,123,0,10100,0.04
Maryland,86,0.01,451651,1.86
Massachusetts,111,0,6500,0.03
Michigan,101,0.01,488825,2.01
Montana,101,0,1000,0.00
Nebraska,101,0,80402,0.33
New Mexico,92,0,15000,0.06
New York,102,0,75629,0.31
Ohio,77,0.03,3510446,14.42
Oklahoma,109,0,19500,0.08
Oregon,82,0.01,262149,1.08
Pennsylvania,67,0.08,10093120,41.46
South Carolina,125,0,6500,0.03
South Dakota,91,0.01,39204,0.16
Vermont,69,0,28000,0.12
Virginia,67,0.03,1990562,8.18
West Virginia,104,0,19000,0.08
