State,Rank within State,Percentage of State,Amount in State,Amount in State as Percentage of Total Firm Amount
Arizona,84,0.01,523264,3.65
Arkansas,121,0,3333,0.02
California,125,0,147452,1.03
Colorado,74,0.02,835850,5.82
Connecticut,119,0,1000,0.01
Idaho,88,0,26376,0.18
Illinois,115,0.01,975601,6.80
Indiana,79,0.03,1585778,11.05
Iowa,78,0.04,1271316,8.86
Kansas,82,0.03,553134,3.85
Kentucky,117,0,14200,0.10
Massachusetts,116,0,2450,0.02
Minnesota,81,0.03,1450767,10.11
Missouri,76,0.02,1519212,10.59
Nebraska,88,0.02,308876,2.15
Nevada,84,0,72562,0.51
New Hampshire,92,0,600,0.00
New Mexico,117,0,1450,0.01
North Dakota,76,0.04,267909,1.87
Ohio,119,0,331069,2.31
Oklahoma,107,0,28593,0.20
Oregon,92,0,66836,0.47
Rhode Island,93,0,450,0.00
South Carolina,106,0,52000,0.36
South Dakota,57,0.08,549558,3.83
Utah,93,0,45063,0.31
Vermont,75,0,3150,0.02
Washington,100,0,27400,0.19
Wisconsin,68,0.07,3684764,25.68
Wyoming,95,0,1500,0.01
