State,Rank within State,Percentage of State,Amount in State,Amount in State as Percentage of Total Firm Amount
Alabama,107,0,7500,0.01
Arizona,92,0.01,301465,0.56
Arkansas,85,0.02,259162,0.49
Colorado,89,0.01,376154,0.70
Florida,117,0,281001,0.53
Georgia,84,0.01,794230,1.49
Illinois,104,0.01,1280438,2.40
Indiana,108,0.01,381349,0.71
Kansas,61,0.09,1933441,3.62
Kentucky,89,0.01,244864,0.46
Louisiana,99,0,100000,0.19
Michigan,88,0.01,1244644,2.33
Minnesota,114,0,65300,0.12
Mississippi,92,0,69420,0.13
Missouri,98,0.01,580712,1.09
Nebraska,75,0.05,827130,1.55
New Jersey,95,0,163898,0.31
New Mexico,121,0,520,0.00
North Carolina,95,0.01,366841,0.69
North Dakota,14,2.66,17972674,33.65
Ohio,116,0,382893,0.72
Oklahoma,64,0.09,1641576,3.07
Pennsylvania,93,0.02,2510524,4.70
South Carolina,100,0,95632,0.18
South Dakota,110,0,2400,0.00
Tennessee,79,0.02,1103240,2.07
Texas,58,0.12,19525059,36.56
Utah,80,0.01,150000,0.28
Virginia,87,0.01,466108,0.87
Washington,116,0,4250,0.01
Wisconsin,106,0.01,277162,0.52
