State,Rank within State,Percentage of State,Amount in State,Amount in State as Percentage of Total Firm Amount
Alabama,36,0.49,14080681,0.76
Alaska,13,2.25,8351938,0.45
Arizona,45,0.26,12464976,0.67
Arkansas,39,0.52,7620010,0.41
California,42,0.3,71226063,3.83
Colorado,42,0.27,12537206,0.67
Connecticut,25,1,42704186,2.30
Delaware,30,0.27,7260521,0.39
District of Colombia,41,0.15,1004609,0.05
Florida,40,0.45,82726025,4.45
Georgia,38,0.45,24459684,1.32
Hawaii,49,0.08,1048619,0.06
Idaho,26,1.17,10701751,0.58
Illinois,49,0.21,20219174,1.09
Indiana,36,0.44,26332790,1.42
Iowa,43,0.24,7334951,0.39
Kansas,44,0.22,4887135,0.26
Kentucky,34,0.45,11405601,0.61
Louisiana,43,0.23,7911662,0.43
Maine,27,0.83,8878134,0.48
Maryland,39,0.37,19350834,1.04
Massachusetts,20,1.68,125696377,6.77
Michigan,33,0.55,52786365,2.84
Minnesota,48,0.22,11985399,0.65
Mississippi,29,0.77,11330339,0.61
Missouri,34,0.54,33815431,1.82
Montana,59,0.07,354856,0.02
Nebraska,47,0.21,3510486,0.19
Nevada,33,0.55,8382560,0.45
New Hampshire,18,1.5,29937468,1.61
New Jersey,22,1.17,124338211,6.69
New Mexico,36,0.63,6293358,0.34
New York,40,0.12,20079374,1.08
North Carolina,14,2.71,187438170,10.09
North Dakota,49,0.16,1073784,0.06
Ohio,20,1.68,168802344,9.09
Oklahoma,53,0.17,3223140,0.17
Oregon,19,1.97,48635937,2.62
Pennsylvania,20,1.44,193704402,10.43
Rhode Island,11,4.19,46377243,2.50
South Carolina,10,3.28,120449643,6.48
South Dakota,50,0.12,792938,0.04
Tennessee,47,0.3,13838935,0.75
Texas,47,0.29,46394026,2.50
Utah,25,1.11,24430457,1.32
Vermont,24,1.19,6781116,0.37
Virginia,21,1.19,77898995,4.19
Washington,23,1.34,59018775,3.18
West Virginia,23,1.38,18901901,1.02
Wisconsin,56,0.13,7255811,0.39
Wyoming,39,0.33,1451498,0.08
