State,Rank within State,Percentage of State,Amount in State,Amount in State as Percentage of Total Firm Amount
Alaska,14,2.02,7500000,1.63
California,50,0.19,45399260,9.87
Colorado,45,0.21,10000000,2.17
Connecticut,55,0.05,2195874,0.48
Delaware,28,0.34,9085367,1.98
District of Colombia,15,1.35,9363442,2.04
Florida,51,0.18,33459837,7.27
Georgia,65,0.04,2104402,0.46
Hawaii,38,0.27,3500000,0.76
Idaho,50,0.3,2700000,0.59
Illinois,38,0.4,39271838,8.54
Indiana,21,1.52,89733662,19.51
Louisiana,51,0.15,5000000,1.09
Maine,49,0.14,1500000,0.33
Maryland,34,0.45,23314996,5.07
Massachusetts,59,0.05,3587687,0.78
Michigan,56,0.15,14266681,3.10
Minnesota,87,0.02,833732,0.18
Missouri,52,0.12,7718000,1.68
New Jersey,31,0.48,50644035,11.01
North Carolina,71,0.04,2450000,0.53
Oklahoma,55,0.15,2980136,0.65
Pennsylvania,43,0.37,49772551,10.82
South Carolina,67,0.04,1300000,0.28
Tennessee,123,0,22216,0.00
Texas,57,0.13,20788261,4.52
Vermont,17,1.64,9353648,2.03
Virginia,53,0.13,8650000,1.88
Washington,92,0,72537,0.02
Wyoming,29,0.77,3413005,0.74
