State,Rank within State,Percentage of State,Amount in State,Amount in State as Percentage of Total Firm Amount
Alabama,85,0,99914,0.03
Alaska,68,0.01,24150,0.01
Arizona,43,0.3,13952876,3.83
Arkansas,92,0.01,142285,0.04
California,89,0,1071244,0.29
Colorado,55,0.1,4686582,1.29
Florida,106,0,444560,0.12
Hawaii,82,0,13900,0.00
Idaho,28,1.12,10188986,2.80
Illinois,114,0.01,1026941,0.28
Iowa,12,3.19,98113722,26.92
Kansas,10,3.71,81587799,22.38
Massachusetts,113,0,5500,0.00
Minnesota,44,0.29,15394503,4.22
Mississippi,98,0,25000,0.01
Missouri,89,0.01,894746,0.25
Montana,13,2.66,14434657,3.96
Nebraska,28,1.06,18018138,4.94
Nevada,68,0.03,467059,0.13
New Hampshire,81,0,19498,0.01
New Jersey,117,0,12500,0.00
New Mexico,20,1.33,13156571,3.61
North Dakota,29,0.6,4046024,1.11
Oklahoma,21,1.33,25523278,7.00
Oregon,87,0.01,161811,0.04
South Dakota,24,1.09,7069823,1.94
Texas,105,0.01,880257,0.24
Utah,29,0.68,15129224,4.15
Virginia,78,0.01,776800,0.21
Washington,95,0,59975,0.02
West Virginia,106,0,15166,0.00
Wisconsin,51,0.23,12668170,3.48
Wyoming,7,5.48,24417283,6.70
