State,Rank within State,Percentage of State,Amount in State,Amount in State as Percentage of Total Firm Amount
Arizona,120,0,51740,1.58
Arkansas,107,0,34259,1.05
California,117,0,198666,6.08
Connecticut,105,0,6704,0.21
Hawaii,88,0,4000,0.12
Idaho,120,0,200,0.01
Illinois,116,0.01,900536,27.57
Iowa,110,0,42089,1.29
Kansas,124,0,9732,0.30
Kentucky,110,0,26500,0.81
Louisiana,90,0.01,223048,6.83
Maine,92,0,1500,0.05
Maryland,124,0,5259,0.16
Massachusetts,84,0,275720,8.44
Michigan,109,0,250958,7.68
Minnesota,95,0.01,351786,10.77
Mississippi,117,0,1625,0.05
New Hampshire,89,0,2000,0.06
New Jersey,113,0,25832,0.79
New Mexico,111,0,2160,0.07
Oklahoma,104,0,78788,2.41
Oregon,71,0.02,521670,15.97
South Dakota,120,0,246,0.01
Tennessee,118,0,27178,0.83
Utah,105,0,3700,0.11
Vermont,83,0,550,0.02
Wisconsin,108,0,219683,6.73
