State,Rank within State,Percentage of State,Amount in State,Amount in State as Percentage of Total Firm Amount
Alabama,97,0,26250,0.07
Alaska,88,0,350,0.00
Arizona,99,0,162465,0.45
Arkansas,76,0.04,545363,1.50
Colorado,110,0,86701,0.24
Connecticut,107,0,4311,0.01
Florida,102,0,567963,1.56
Illinois,90,0.03,2844574,7.81
Indiana,116,0,230834,0.63
Iowa,75,0.05,1422174,3.91
Kansas,114,0,25000,0.07
Louisiana,121,0,7643,0.02
Maine,76,0,47775,0.13
Maryland,109,0,13700,0.04
Massachusetts,89,0,136494,0.37
Michigan,111,0,232519,0.64
Minnesota,94,0.01,367687,1.01
Missouri,103,0.01,400333,1.10
New Hampshire,87,0,4200,0.01
New Mexico,82,0.01,114164,0.31
North Carolina,122,0,16500,0.05
North Dakota,59,0.1,649641,1.78
Rhode Island,69,0,40009,0.11
South Carolina,111,0,37100,0.10
South Dakota,87,0.01,59648,0.16
Texas,114,0,528962,1.45
Utah,125,0,253,0.00
Vermont,72,0,14650,0.04
Virginia,111,0,46005,0.13
Washington,99,0,28599,0.08
Wisconsin,37,0.51,27715001,76.14
Wyoming,78,0.01,25000,0.07
