State,Rank within State,Percentage of State,Amount in State,Amount in State as Percentage of Total Firm Amount
Alabama,124,0,1142,0.00
Alaska,85,0,550,0.00
Arizona,96,0,218700,0.54
Arkansas,95,0.01,104063,0.26
California,121,0,177600,0.44
Colorado,120,0,57550,0.14
Connecticut,102,0,16500,0.04
Florida,83,0.01,2339196,5.81
Hawaii,103,0,440,0.00
Illinois,86,0.04,3574758,8.88
Indiana,73,0.04,2379825,5.91
Iowa,108,0,48406,0.12
Kentucky,86,0.01,287900,0.72
Louisiana,118,0,10000,0.02
Massachusetts,105,0,21050,0.05
Michigan,51,0.21,19847561,49.31
Missouri,111,0,129080,0.32
Nebraska,98,0.01,109867,0.27
Nevada,105,0,12795,0.03
New Jersey,121,0,10000,0.02
New York,111,0,30000,0.07
North Carolina,118,0,20463,0.05
Ohio,65,0.1,9759907,24.25
Oregon,98,0,36236,0.09
South Carolina,93,0,131633,0.33
Tennessee,115,0,42420,0.11
Virginia,92,0,323242,0.80
Washington,89,0,113443,0.28
West Virginia,74,0.03,418674,1.04
Wisconsin,125,0,26500,0.07
