State,Rank within State,Percentage of State,Amount in State,Amount in State as Percentage of Total Firm Amount
Arizona,80,0.01,627518,3.14
Colorado,104,0,101900,0.51
Connecticut,92,0,74321,0.37
Florida,103,0,532861,2.66
Illinois,85,0.04,3601382,17.99
Indiana,118,0,207518,1.04
Iowa,98,0,138765,0.69
Maryland,115,0,9000,0.04
Massachusetts,112,0,6000,0.03
Michigan,90,0.01,1066095,5.33
Minnesota,92,0.01,480157,2.40
Missouri,108,0,198952,0.99
Nebraska,92,0.01,200590,1.00
Nevada,106,0,12540,0.06
New Jersey,84,0,452902,2.26
New York,79,0,643447,3.21
Ohio,84,0.03,2609678,13.04
Pennsylvania,76,0.05,6557145,32.76
Texas,116,0,492000,2.46
Washington,119,0,3000,0.01
West Virginia,93,0,62100,0.31
Wisconsin,82,0.04,1936261,9.67
