State,Rank within State,Percentage of State,Amount in State,Amount in State as Percentage of Total Firm Amount
California,86,0.01,1329393,3.96
Connecticut,104,0,11500,0.03
District of Colombia,77,0,5500,0.02
Georgia,120,0,50000,0.15
Illinois,109,0.01,1100022,3.28
Kansas,72,0.05,1036710,3.09
Michigan,96,0.01,732662,2.18
Minnesota,110,0,90064,0.27
Montana,75,0,27000,0.08
Nebraska,93,0.01,199491,0.59
New Jersey,49,0.1,10494438,31.25
New York,107,0,61000,0.18
Ohio,88,0.02,2314075,6.89
Oregon,94,0,59884,0.18
Pennsylvania,72,0.07,8776151,26.13
Utah,72,0.02,469394,1.40
Washington,74,0.02,969079,2.89
West Virginia,35,0.42,5760596,17.15
Wisconsin,112,0,99856,0.30
