State,Rank within State,Percentage of State,Amount in State,Amount in State as Percentage of Total Firm Amount
Alabama,92,0,53763,0.02
Arizona,93,0.01,286721,0.09
California,100,0,655676,0.20
Colorado,90,0.01,336112,0.10
Connecticut,79,0.01,269058,0.08
Delaware,75,0,60356,0.02
Florida,68,0.05,9494321,2.83
Georgia,90,0.01,338982,0.10
Hawaii,61,0.02,210447,0.06
Idaho,96,0,7575,0.00
Illinois,54,0.15,15027472,4.47
Indiana,75,0.03,1890211,0.56
Iowa,93,0.01,251139,0.07
Kentucky,81,0.02,452348,0.13
Maryland,82,0.01,540283,0.16
Massachusetts,94,0,78294,0.02
Michigan,46,0.26,24685240,7.35
Minnesota,59,0.11,5747630,1.71
Mississippi,82,0.01,156010,0.05
Missouri,71,0.03,1759336,0.52
Montana,89,0,6500,0.00
Nebraska,104,0,55042,0.02
Nevada,80,0.01,115000,0.03
New Jersey,74,0.01,1132561,0.34
New York,78,0,666642,0.20
North Carolina,88,0.01,737084,0.22
North Dakota,101,0,6200,0.00
Ohio,42,0.33,33277546,9.91
Oregon,108,0,6700,0.00
Pennsylvania,22,1.35,182122947,54.22
South Carolina,70,0.03,1143576,0.34
South Dakota,117,0,687,0.00
Tennessee,89,0.01,371418,0.11
Texas,117,0,488646,0.15
Virginia,83,0.01,634853,0.19
West Virginia,51,0.15,2024689,0.60
Wisconsin,27,0.93,50825170,15.13
