State,Rank within State,Percentage of State,Amount in State,Amount in State as Percentage of Total Firm Amount
Arizona,41,0.39,18565888,7.11
California,58,0.08,18714895,7.16
Connecticut,58,0.04,1746674,0.67
Florida,71,0.05,8245666,3.16
Georgia,87,0.01,537812,0.21
Illinois,63,0.09,9166037,3.51
Indiana,51,0.12,7180637,2.75
Maryland,60,0.07,3601512,1.38
Michigan,72,0.04,3791662,1.45
Minnesota,55,0.15,8181742,3.13
Nevada,70,0.03,399353,0.15
New Jersey,60,0.04,4038157,1.55
New York,82,0,504043,0.19
North Carolina,76,0.03,2119777,0.81
Ohio,55,0.12,12152114,4.65
Pennsylvania,28,0.89,119538038,45.75
South Carolina,88,0.01,258536,0.10
Virginia,98,0,174600,0.07
West Virginia,34,0.44,5953439,2.28
Wisconsin,32,0.67,36404121,13.93
