State,Rank within State,Percentage of State,Amount in State,Amount in State as Percentage of Total Firm Amount
Connecticut,114,0,1465,0.02
Delaware,82,0,23261,0.29
District of Colombia,97,0,282,0.00
Georgia,110,0,102122,1.28
Kentucky,115,0,14508,0.18
Louisiana,116,0,10752,0.13
Maine,84,0,8183,0.10
Maryland,102,0,68500,0.86
Massachusetts,103,0,24484,0.31
Mississippi,108,0,8500,0.11
Montana,82,0,12000,0.15
New Hampshire,88,0,4020,0.05
New Jersey,104,0,69989,0.88
New York,84,0,484481,6.07
North Carolina,115,0,26108,0.33
Ohio,103,0.01,1211168,15.17
Pennsylvania,80,0.04,5779652,72.38
South Carolina,120,0,14692,0.18
Tennessee,125,0,16159,0.20
Vermont,88,0,90,0.00
Virginia,118,0,33890,0.42
Washington,111,0,6607,0.08
West Virginia,109,0,7812,0.10
Wisconsin,119,0,56000,0.70
