State,Rank within State,Percentage of State,Amount in State,Amount in State as Percentage of Total Firm Amount
Arizona,113,0,84972,0.21
California,102,0,429466,1.09
Connecticut,82,0,175649,0.44
Delaware,69,0.01,146405,0.37
Florida,70,0.05,8887849,22.46
Hawaii,106,0,350,0.00
Idaho,118,0,345,0.00
Indiana,104,0.01,435062,1.10
Kansas,112,0,29500,0.07
Kentucky,102,0,58047,0.15
Louisiana,105,0,50000,0.13
Maine,97,0,220,0.00
Maryland,96,0,139219,0.35
Massachusetts,102,0,28786,0.07
Michigan,70,0.05,4425815,11.19
Missouri,97,0.01,644528,1.63
Montana,113,0,250,0.00
Nebraska,73,0.05,904747,2.29
New Jersey,73,0.01,1497668,3.79
New York,53,0.05,7984483,20.18
North Carolina,101,0,216074,0.55
Ohio,82,0.03,2705741,6.84
Oregon,118,0,500,0.00
Pennsylvania,69,0.07,9818222,24.81
Rhode Island,96,0,240,0.00
South Carolina,90,0.01,190222,0.48
Tennessee,124,0,20200,0.05
West Virginia,64,0.05,693631,1.75
