State,Rank within State,Percentage of State,Amount in State,Amount in State as Percentage of Total Firm Amount
Alaska,50,0.11,400766,2.24
Arizona,124,0,30600,0.17
California,85,0.01,1430169,7.99
Colorado,105,0,96971,0.54
District of Colombia,95,0,552,0.00
Florida,110,0,376236,2.10
Idaho,64,0.06,536167,2.99
Illinois,108,0.01,1120368,6.26
Iowa,96,0.01,187677,1.05
Maryland,122,0,6438,0.04
Minnesota,68,0.06,3439191,19.21
Montana,68,0.02,111234,0.62
Nevada,98,0,32880,0.18
New Jersey,86,0,390884,2.18
New York,76,0,818944,4.57
North Dakota,38,0.27,1847638,10.32
Oregon,77,0.01,339725,1.90
South Dakota,67,0.05,292545,1.63
Virginia,110,0,50337,0.28
Washington,58,0.08,3349834,18.71
Wisconsin,73,0.06,3046365,17.01
