State,Rank within State,Percentage of State,Amount in State,Amount in State as Percentage of Total Firm Amount
Alaska,40,0.31,1162119,0.57
Arizona,61,0.08,3885935,1.92
Arkansas,62,0.1,1470372,0.72
California,62,0.05,12908120,6.36
Colorado,56,0.1,4588988,2.26
Connecticut,60,0.04,1596006,0.79
Delaware,78,0,50000,0.02
District of Colombia,50,0.05,363621,0.18
Florida,62,0.07,13506807,6.66
Georgia,59,0.1,5602766,2.76
Hawaii,56,0.04,567097,0.28
Idaho,78,0.01,134750,0.07
Illinois,65,0.09,9016768,4.44
Indiana,57,0.09,5219211,2.57
Iowa,58,0.12,3687144,1.82
Kansas,51,0.11,2326395,1.15
Kentucky,68,0.05,1163188,0.57
Louisiana,79,0.02,599043,0.30
Maryland,78,0.01,746960,0.37
Massachusetts,58,0.06,4302942,2.12
Michigan,59,0.12,11370245,5.60
Minnesota,67,0.07,3567804,1.76
Missouri,72,0.03,1722337,0.85
Nebraska,58,0.12,2025475,1.00
Nevada,45,0.29,4379426,2.16
New Hampshire,58,0.04,862032,0.42
New Jersey,52,0.09,9164647,4.52
New Mexico,69,0.05,508875,0.25
North Carolina,50,0.28,19439044,9.58
North Dakota,75,0.04,281702,0.14
Ohio,56,0.12,11893357,5.86
Oklahoma,68,0.05,886685,0.44
Oregon,48,0.25,6150982,3.03
Pennsylvania,66,0.08,10307322,5.08
Rhode Island,100,0,6,0.00
South Carolina,43,0.34,12520633,6.17
South Dakota,94,0,24450,0.01
Tennessee,57,0.11,4899271,2.41
Texas,70,0.05,8711242,4.29
Utah,45,0.24,5303766,2.61
Virginia,51,0.15,9611327,4.74
Washington,60,0.07,3268104,1.61
Wisconsin,72,0.06,3086308,1.52
Wyoming,79,0.01,23249,0.01
