State,Rank within State,Percentage of State,Amount in State,Amount in State as Percentage of Total Firm Amount
Alabama,118,0,1753,0.00
Arizona,81,0.01,605850,1.42
Arkansas,122,0,2900,0.01
Colorado,112,0,75300,0.18
Connecticut,100,0,21875,0.05
Florida,107,0,431514,1.01
Georgia,109,0,113600,0.27
Hawaii,101,0,700,0.00
Illinois,81,0.04,4319000,10.10
Indiana,65,0.05,3103483,7.26
Iowa,59,0.12,3669980,8.58
Kentucky,47,0.24,5929055,13.86
Louisiana,110,0,26775,0.06
Maine,63,0.02,218780,0.51
Massachusetts,78,0.01,475200,1.11
Michigan,83,0.02,1919181,4.49
Minnesota,54,0.15,8198110,19.17
Mississippi,110,0,5350,0.01
Missouri,121,0,30019,0.07
Montana,114,0,200,0.00
Nebraska,62,0.1,1703550,3.98
New Hampshire,61,0.03,507525,1.19
North Carolina,103,0,156662,0.37
North Dakota,57,0.1,687552,1.61
Ohio,81,0.03,2920203,6.83
Oklahoma,117,0,7047,0.02
Oregon,73,0.02,477338,1.12
South Carolina,97,0,103600,0.24
South Dakota,52,0.12,746781,1.75
Tennessee,121,0,24167,0.06
Vermont,66,0.01,65300,0.15
Wisconsin,61,0.11,6223366,14.55
