State,Rank within State,Percentage of State,Amount in State,Amount in State as Percentage of Total Firm Amount
California,105,0,319799,3.82
Connecticut,77,0.01,329952,3.94
Delaware,91,0,3200,0.04
Illinois,70,0.06,6155338,73.44
Maryland,125,0,5250,0.06
Massachusetts,93,0,84353,1.01
Michigan,119,0,99529,1.19
Minnesota,124,0,24769,0.30
Nevada,102,0,21266,0.25
New Jersey,87,0,362287,4.32
New York,94,0,168614,2.01
Ohio,121,0,252439,3.01
Oregon,113,0,2250,0.03
Pennsylvania,120,0,423343,5.05
Rhode Island,66,0.01,75067,0.90
Virginia,113,0,42349,0.51
Washington,109,0,6950,0.08
West Virginia,113,0,4995,0.06
