State,Rank within State,Percentage of State,Amount in State,Amount in State as Percentage of Total Firm Amount
Alabama,122,0,1200,0.04
Colorado,92,0.01,270961,10.06
Connecticut,93,0,73860,2.74
Delaware,68,0.01,165809,6.15
Florida,123,0,220912,8.20
Georgia,117,0,62505,2.32
Indiana,103,0.01,504506,18.73
Iowa,109,0,44025,1.63
Louisiana,82,0.02,564182,20.94
Mississippi,107,0,10000,0.37
Nebraska,115,0,17540,0.65
Nevada,91,0,40000,1.48
New Jersey,92,0,185837,6.90
New York,114,0,15786,0.59
Rhode Island,71,0,20777,0.77
South Carolina,114,0,32828,1.22
Tennessee,111,0,46000,1.71
Texas,120,0,417388,15.49
