State,Rank within State,Percentage of State,Amount in State,Amount in State as Percentage of Total Firm Amount
Arizona,104,0,125000,1.48
California,88,0.01,1233113,14.60
Colorado,84,0.01,438954,5.20
Connecticut,72,0.01,563478,6.67
Georgia,107,0,127090,1.50
Illinois,111,0.01,1072522,12.70
Kansas,83,0.02,475684,5.63
Kentucky,109,0,28000,0.33
Louisiana,80,0.02,584101,6.92
Maine,65,0.02,173979,2.06
Michigan,116,0,159951,1.89
Minnesota,93,0.01,385261,4.56
Nebraska,85,0.02,380307,4.50
Nevada,75,0.01,225532,2.67
New Jersey,91,0,186931,2.21
New Mexico,88,0,44200,0.52
New York,91,0,249424,2.95
Oklahoma,81,0.03,636745,7.54
Texas,125,0,228800,2.71
Virginia,82,0.01,685388,8.12
Washington,77,0.01,335002,3.97
West Virginia,86,0.01,105637,1.25
