State,Rank within State,Percentage of State,Amount in State,Amount in State as Percentage of Total Firm Amount
Alabama,115,0,2400,0.19
California,111,0,256615,20.28
Hawaii,89,0,2850,0.23
Idaho,108,0,1450,0.11
Massachusetts,120,0,1120,0.09
Michigan,95,0.01,814362,64.36
Minnesota,119,0,37062,2.93
Montana,90,0,5200,0.41
Nebraska,121,0,8270,0.65
Nevada,113,0,4400,0.35
New Jersey,118,0,12150,0.96
New Mexico,102,0,4060,0.32
New York,120,0,10700,0.85
Oregon,91,0,102575,8.11
Utah,112,0,1200,0.09
Vermont,80,0,1000,0.08
