State,Rank within State,Percentage of State,Amount in State,Amount in State as Percentage of Total Firm Amount
Alabama,83,0,119666,0.08
Arizona,76,0.02,1164868,0.75
California,61,0.06,14731727,9.51
Colorado,70,0.03,1329913,0.86
Connecticut,47,0.18,7533642,4.86
Delaware,90,0,3336,0.00
District of Colombia,83,0,2400,0.00
Florida,78,0.04,6428835,4.15
Georgia,55,0.12,6632032,4.28
Illinois,76,0.05,4788153,3.09
Indiana,63,0.06,3369529,2.17
Iowa,105,0,73375,0.05
Kansas,93,0.01,219800,0.14
Kentucky,43,0.3,7540498,4.87
Louisiana,58,0.08,2851479,1.84
Maine,59,0.04,415165,0.27
Maryland,90,0.01,282631,0.18
Massachusetts,53,0.08,6002843,3.87
Michigan,76,0.03,2813599,1.82
Minnesota,79,0.03,1872706,1.21
Missouri,88,0.01,923130,0.60
Nebraska,54,0.15,2597942,1.68
Nevada,85,0,70000,0.05
New Hampshire,66,0.02,340000,0.22
New Jersey,51,0.09,9327552,6.02
New Mexico,81,0.01,115742,0.07
New York,28,0.31,52951696,34.17
North Carolina,68,0.04,2687132,1.73
Ohio,75,0.04,4251663,2.74
Oregon,59,0.05,1265932,0.82
Pennsylvania,81,0.04,5754352,3.71
South Carolina,75,0.02,722754,0.47
Tennessee,78,0.02,1103845,0.71
Texas,86,0.02,2987608,1.93
Virginia,72,0.02,1428151,0.92
Washington,83,0,134903,0.09
West Virginia,97,0,52102,0.03
Wisconsin,116,0,72419,0.05
