State,Rank within State,Percentage of State,Amount in State,Amount in State as Percentage of Total Firm Amount
Iowa,111,0,36854,6.35
Kansas,123,0,10000,1.72
Kentucky,118,0,12521,2.16
Louisiana,113,0,20050,3.45
Michigan,115,0,179588,30.94
Minnesota,105,0,153068,26.37
Mississippi,114,0,2400,0.41
Missouri,120,0,30223,5.21
Nebraska,123,0,6500,1.12
Nevada,110,0,5000,0.86
North Carolina,123,0,16400,2.83
Oregon,110,0,5000,0.86
South Dakota,90,0.01,39600,6.82
Utah,124,0,300,0.05
Wisconsin,118,0,56476,9.73
Wyoming,87,0,6500,1.12
