State,Rank within State,Percentage of State,Amount in State,Amount in State as Percentage of Total Firm Amount
Alabama,114,0,2585,0.05
Connecticut,116,0,1200,0.02
District of Colombia,91,0,800,0.02
Georgia,102,0,165579,3.41
Kentucky,66,0.05,1287055,26.53
Louisiana,97,0,107926,2.22
Maryland,119,0,6622,0.14
Michigan,102,0,456746,9.41
Mississippi,96,0,32211,0.66
New Jersey,125,0,6000,0.12
New York,117,0,11865,0.24
North Carolina,80,0.02,1553367,32.01
Ohio,123,0,210049,4.33
Oklahoma,125,0,2405,0.05
South Carolina,112,0,35949,0.74
Tennessee,86,0.01,519565,10.71
Virginia,90,0.01,446549,9.20
West Virginia,111,0,5531,0.11
