State,Rank within State,Percentage of State,Amount in State,Amount in State as Percentage of Total Firm Amount
Alabama,117,0,1818,1.74
Alaska,93,0,100,0.10
Arkansas,120,0,3368,3.23
Connecticut,125,0,232,0.22
District of Colombia,99,0,156,0.15
Hawaii,97,0,984,0.94
Idaho,115,0,431,0.41
Iowa,116,0,20338,19.50
Missouri,118,0,47724,45.75
Montana,108,0,405,0.39
New Mexico,93,0,14915,14.30
North Dakota,104,0,1317,1.26
Oregon,124,0,170,0.16
South Dakota,109,0,3426,3.28
Utah,121,0,420,0.40
Washington,118,0,3468,3.32
West Virginia,118,0,2686,2.57
Wyoming,90,0,2360,2.26
