State,Rank within State,Percentage of State,Amount in State,Amount in State as Percentage of Total Firm Amount
Alabama,86,0,99378,0.05
Arkansas,19,1.67,24654460,11.59
Colorado,108,0,89614,0.04
Florida,66,0.06,10750527,5.05
Georgia,47,0.23,12853188,6.04
Kentucky,51,0.21,5143447,2.42
Louisiana,32,0.57,19510872,9.17
Mississippi,19,1.77,26010370,12.23
North Carolina,35,0.49,33890589,15.93
South Carolina,49,0.17,6285638,2.95
Tennessee,99,0,155981,0.07
Texas,45,0.3,48457758,22.78
Virginia,36,0.38,24855896,11.68
