State,Rank within State,Percentage of State,Amount in State,Amount in State as Percentage of Total Firm Amount
Alabama,79,0.01,235416,0.41
Arizona,72,0.03,1331719,2.33
Arkansas,80,0.03,384708,0.67
Colorado,121,0,56435,0.10
Delaware,81,0,24000,0.04
District of Colombia,64,0,30000,0.05
Florida,67,0.05,9847509,17.26
Georgia,78,0.02,1171478,2.05
Idaho,75,0.02,195000,0.34
Indiana,64,0.06,3355323,5.88
Kansas,80,0.03,564406,0.99
Kentucky,41,0.33,8295796,14.54
Louisiana,85,0.01,495529,0.87
Maryland,66,0.04,1863962,3.27
Michigan,93,0.01,870775,1.53
Minnesota,89,0.01,665038,1.17
Mississippi,63,0.05,765792,1.34
Missouri,80,0.02,1324141,2.32
Nebraska,76,0.05,796025,1.40
Nevada,73,0.02,308894,0.54
New Mexico,75,0.02,222017,0.39
North Carolina,94,0.01,373188,0.65
North Dakota,58,0.1,669000,1.17
Ohio,96,0.02,1650781,2.89
Oklahoma,86,0.02,434106,0.76
Pennsylvania,87,0.02,3068800,5.38
South Carolina,62,0.05,1979518,3.47
South Dakota,97,0,14083,0.02
Tennessee,55,0.12,5764126,10.10
Texas,83,0.02,3392811,5.95
Utah,58,0.08,1868331,3.28
Virginia,76,0.01,852170,1.49
Washington,61,0.07,3234033,5.67
West Virginia,65,0.05,631941,1.11
Wyoming,55,0.07,308300,0.54
