State,Rank within State,Percentage of State,Amount in State,Amount in State as Percentage of Total Firm Amount
Arkansas,94,0.01,108483,0.06
California,119,0,190121,0.10
Colorado,87,0.01,399233,0.22
Connecticut,81,0,185106,0.10
District of Colombia,45,0.11,775683,0.42
Florida,93,0,856579,0.46
Georgia,98,0,189731,0.10
Louisiana,96,0,112291,0.06
Maryland,87,0.01,450849,0.24
Massachusetts,86,0,265351,0.14
Michigan,98,0.01,593854,0.32
Minnesota,111,0,83193,0.04
Missouri,91,0.01,828841,0.45
New York,31,0.24,41266715,22.31
North Carolina,100,0,232485,0.13
North Dakota,92,0,29445,0.02
Ohio,26,1.29,130065980,70.32
Oklahoma,89,0.02,323196,0.17
Pennsylvania,108,0.01,907083,0.49
South Carolina,113,0,34980,0.02
Tennessee,75,0.03,1483006,0.80
Texas,77,0.03,4777860,2.58
Vermont,56,0.05,312843,0.17
Virginia,99,0,164421,0.09
Washington,98,0,30257,0.02
Wisconsin,104,0.01,303458,0.16
