State,Rank within State,Percentage of State,Amount in State,Amount in State as Percentage of Total Firm Amount
Alabama,108,0,6595,0.04
Alaska,97,0,12,0.00
California,112,0,252067,1.62
Delaware,25,0.42,11506056,74.11
Hawaii,90,0,2826,0.02
Idaho,125,0,15,0.00
Iowa,124,0,10640,0.07
Maine,95,0,517,0.00
Massachusetts,119,0,1181,0.01
Minnesota,122,0,32272,0.21
Mississippi,112,0,3974,0.03
Montana,116,0,15,0.00
New Hampshire,84,0,10165,0.07
New Jersey,81,0.01,681341,4.39
New York,61,0.02,2979951,19.19
Oregon,125,0,75,0.00
Vermont,84,0,520,0.00
Virginia,115,0,36154,0.23
West Virginia,122,0,1523,0.01
Wyoming,114,0,15,0.00
