Name,Total Amount,Code
METROPOLITAN GRP,11862951928,241
NORTHWESTERN MUT GRP,10067144919,860
NEW YORK LIFE GRP,8706160535,826
PRUDENTIAL OF AMER GRP,8524429061,304
LINCOLN NATL GRP,6861986420,20
MASS MUT LIFE INS GRP,6571780543,435
AEGON US HOLDING GRP,4569310287,468
JOHN HANCOCK GRP,4536279659,904
STATE FARM GRP,4387102558,176
MINNESOTA MUT GRP,3898406229,869
GUARDIAN LIFE GRP,3805621345,429
AMERICAN INTL GRP,3400426406,12
PACIFIC LIFE GRP,3016377663,709
AXA INS GRP,2998243288,968
SAMMONS ENTERPRISES GRP,2652602866,431
VOYA FINANCIAL GRP,2595290072,4832
PROTECTIVE LIFE INS GRP,2465624577,458
NATIONWIDE CORP GRP,2414679627,140
HARTFORD FIRE & CAS GRP,2376714255,91
PRIMERICA GRP,2192905679,4750
UNUMPROVIDENT CORP GRP,2084457819,565
TORCHMARK CORP GRP,2053824702,290
CIGNA HLTH GRP,1982974306,901
MUTUAL OF OMAHA GRP,1948928411,261
PRINCIPAL FIN GRP,1842068783,332
GENWORTH FIN GRP,1687321108,4011
PENN MUT GRP,1461516268,850
THRIVENT FINANCIAL FOR LUTHERANS GRP,1411405760,2938
RESOLUTION LIFE GRP,1310126777,4815
GREAT WEST GRP,1232842990,769
BANNER LIFE GRP,1220410182,872
ZURICH INS GRP,1215569893,212
AMERIPRISE FIN GRP,1131208644,4
LIBERTY MUT GRP,1092055414,111
SUN LIFE ASSUR CO OF CN GRP,1090306748,549
OHIO NATL LIFE GRP,1059093011,704
NATIONAL LIFE GRP,1055215005,634
WEST SOUTHERN GRP,1028430220,836
AETNA GRP,1023157442,1
UNITED SERV AUTOMOBILE ASSN GRP,981429429,200
GOLDMAN SACHS GRP,965544231,3891
MEIJI YASUDA LIFE INS GRP,896060854,1348
JACKSON NATL GRP,879791618,918
ASSURANT INC GRP,844284486,19
ONEAMERICA FIN PARTNERS GRP,821164563,619
CNO FINANCIAL GRP,806354163,233
ALLSTATE INS GRP,801906920,8
KNIGHTS OF COLUMBUS,783454818,58033
TIAA FAMILY GRP,765002400,1216
GGC GRP,753525926,4736
SOUTHERN FARM BUREAU LIFE INS CO,709634320,68896
CUNA MUT GRP,692384351,306
AMERICAN NATL FIN GRP,691242597,408
ALLIANZ INS GRP,661656617,761
AMERITAS MUT HOLDING GRP,612479224,943
AAA LIFE GRP,565835809,4853
NATIONAL GUARDIAN LIFE INS GRP,544145824,1211
WILTON RE GRP,484331709,4213
TOKIO MARINE HOLDINGS INC GRP,467563399,3098
SUMITOMO LIFE INS GRP,464423733,4855
LINCOLN HERITAGE LIFE INS CO,443414090,65927
HARBINGER GRP,443352300,4731
HOMESTEADERS LIFE CO,442194337,64505
INDEPENDENT ORDER OF FORESTERS US BR,435587572,58068
COUNTRY INS & FIN SERV GRP,425027474,50
NESTLE SA GRP,414925267,4483
AMERICAN FAMILY INS GRP,392848803,473
KEMPER CORP GRP,385551621,215
SAVINGS BANK LIFE GRP,335539778,4553
ATHENE GRP,332626551,4734
IOWA FARM BUREAU GRP,326538466,513
SECURITY MUT LIFE INS CO OF NY,309042210,68772
ANTHEM INC GRP,305098127,671
WOODMEN WORLD LIFE INS SOC,292812174,57320
COLUMBIAN LIFE GRP,283360885,535
HCSC GRP,281155374,917
CINCINNATI FIN GRP,276578467,244
FINANCIAL HOLDINGS GRP,274577218,449
AFLAC GRP,271886366,370
MODERN WOODMEN OF AMER,254368287,57541
KANSAS CITY LIFE INS GRP,237891237,588
EQUITRUST LIFE INS CO,223087218,62510
PAN AMER LIFE GRP,221193719,525
PHYSICIANS MUT GRP,218944460,367
INDUSTRIAL ALLIANCE GRP,199740911,315
TRUSTMARK MUT HOLDING CO GRP,193567217,276
GREAT WESTERN CO GRP,189338246,1280
BOSTON MUT GRP,180454608,581
UNITEDHEALTH GRP,165158809,707
INDIANA FARM BUREAU GRP,157829497,542
ERIE INS GRP,154475562,213
ALFA INS GRP,152683980,5
TENNESSEE FARMERS GRP,149526528,694
FEDERATED MUT GRP,149076191,7
AMERICAN FIDELITY CORP GRP,141120198,330
5 STAR LIFE INS CO,140500437,77879
FIDELITY LIFE ASSN A LEGAL RESERVE L,136860511,63290
NATIONAL WESTERN LIFE INS CO,136450612,66850
ASSURITY GRP,132274631,4862
PEKIN INS GRP,128296007,153
ARKANSAS BCBS GRP,122097057,876
SHELTER INS GRP,115977459,123
FORTRESS GRP,115738213,4716
AUTO OWNERS GRP,110552074,280
BALTIMORE LIFE INS CO,108119448,61212
HORACE MANN GRP,107126645,300
LIA HOLDINGS GRP,106277443,4844
RESERVOIR CAPITAL GRP,102303265,4764
CHUBB LTD GRP,96842504,626
GRANGE MUT CAS GRP,95215241,267
AMICA MUT GRP,85007677,28
MICHIGAN FARM BUREAU GRP,83259931,67
OZARK NATL LIFE INS CO,78970240,67393
DIRECTORS INVESTMENT GRP,76767036,801
UNITED FIRE & CAS GRP,73819551,248
FORESTERS LIFE INS ANN CO,60965240,63495
ROYAL NEIGHBORS OF AMER,60816037,57657
SECURITY NATL GRP,59811648,454
BENEFICIAL LIFE GRP,59530587,615
SOUTHLAND NATL HOLDING GRP,59353042,4827
TIPTREE FIN GRP,58835659,4718
AMERICAN FINANCIAL GRP,57164522,84
UNITY FINANCIAL LIFE INS CO,56782338,63819
UNITED HERITAGE MUT GRP,51988680,2878
UNION LABOR GRP,51789438,781
HEALTHMARKETS GRP,51689612,264
MOTORISTS MUT GRP,50975356,291
CENTRAL STATES GRP,50469953,690
ILLINOIS MUT LIFE INS CO,50452005,64580
AMERCO CORP GRP,46617755,574
DELAWARE LIFE HOLDING GRP,45891844,4794
CITIZENS GRP,42031231,612
INVESTORS HERITAGE LIFE INS CO,41904104,64904
EMC NATL LIFE CO,41636955,62928
GPM LIFE GRP,40800370,4712
SENIOR LIFE INS CO,39974380,78662
TEXAS SERV LIFE INS CO,39170225,83160
SAGICOR LIFE INS CO,37789679,60445
HUMANA GRP,37468940,119
CINCINNATI EQUITABLE CO GRP,35700648,838
MISSOURI FARM BUREAU GRP,35503511,514
MANHATTAN LIFE GRP,34842222,1117
GENEVE HOLDINGS INC GRP,34621173,450
ADVANTAGE CAPITAL GRP,34240933,4824
LIBERTY LIFE GRP TRUST GRP,31302534,3436
CAMBIA HEALTH SOLUTIONS INC,31290546,1207
AMALGAMATED LIFE INS CO,30412496,60216
CATHOLIC FINANCIAL LIFE,29955805,56030
ENSTAR GRP,27253845,4725
INVESTORS PREFERRED LIFE INS CO,25900604,15313
GUIDEWELL MUT HOLDING GRP,24622468,536
NATIONAL FARM LIFE INS GRP,24366860,2458
MEDICAL MUT OF OH GRP,24295522,730
BCBS OF SC GRP,24226541,661
SURETY LIFE INS CO,23490349,69310
WESTBRIDGE CAPITAL GRP,23028664,839
CATHOLIC ORDER OF FORESTERS,22501045,57487
SENTRY INS GRP,22315927,169
PLATEAU GRP,18017694,629
AMERICAN HOME LIFE INS CO,17497387,60542
CATHOLIC UNITED FINANCIAL,17142356,57053
LANDMARK LIFE INS CO,16879238,82252
GBU FINANCIAL LIFE,15423105,56685
AMTRUST NGH GRP,13598954,2538
KILPATRICK LIFE GRP,13540637,4835
DELTA GRP,13271878,598
CATHOLIC LIFE INS,12659138,57347
STATE MUT INS CO,11628947,69132
THE LDS GRP,10910240,905
CATHOLIC HOLY FAMILY SOCIETY,10859923,57770
UNIVERSAL AMER FIN CORP GRP,10157973,953
NATIONAL MUT BENEFIT,9795097,56073
DEGREE OF HONOR PROTECTIVE ASSN,9344117,57088
GERMANIA INS GRP,9198354,171
SELECTED FUNERAL & LIFE INS CO,9197094,83836
LOYAL CHRISTIAN BENEFIT ASSN,9016693,56758
NATIONAL SLOVAK SOCIETY OF THE USA,8973053,56782
AMERICAN ENTERPRISE MUT GRP,8493352,3527
ELCO MUT LIFE & ANN,8386098,84174
LOUISIANA HLTH SERV GRP,8208882,438
HAWTHORN GRP,8141270,1323
WESTERN FRATERNAL LIFE ASSN,8124410,58017
RGA INC GRP,8072774,4639
FEDERAL LIFE INS CO,8009650,63223
BCBS OF KS GRP,7849229,430
FIDELITY INVESTMENT INS & ANN GRP,7721388,981
LOCOMOTIVE ENGINEERS & CONDUCTORS MU,7700628,87920
KSKJ LIFE AMER SLOVENIAN CATHOLIC UN,7558257,56227
GLEANER LIFE INS SOCIETY,7527094,56154
CHURCH PENSION FUND GRP,7476272,344
GUARANTEE TRUST GRP,7184268,687
FIRST TOWER GRP,6994857,641
SPJST,6789778,57436
WISCONSIN PHYSICIANS SERV INS GRP,6435989,68
AUTOMOBILE CLUB MI GRP,6137481,55
LEADERS LIFE INS CO,6080640,74799
FIRST TRINITY FIN GRP,5940846,4752
GRAND LODGE SONS OF HERMANN IN TX,5828339,57444
FIDELITY SECURITY GRP,5646064,451
NORTH CAROLINA MUT LIFE INS CO,5567105,67032
MISSISSIPPI INS GRP,5210248,1126
POLICE & FIREMENS INS ASSN,4755220,58009
LIFE INS CO OF AL,4393027,65412
SUPREME COUNCIL THE ROYAL ARCANUM,4280388,58181
OLD REPUBLIC GRP,4169059,150
SONS OF NORWAY,4109269,57142
ATLANTIC AMER GRP,4039443,587
CROY HALL MGMT GRP,3896418,1339
WICHITA NATL LIFE GRP,3765765,132
TWA & AMFI CORP GRP,3764767,4877
CITIZENS FIDELITY INS CO,3752867,83968
SECU LIFE INS CO,3721271,14924
MOTHE LIFE GRP,3529809,4710
MUTUAL OF AMER LIFE INS CO,3424038,88668
DIRECTORS LIFE ASSUR CO,3405561,73660
POLISH NATL ALLIANCE US OF NA,3394907,57622
UNIVERSAL GUAR LIFE INS CO,3388257,70130
STANDARD LIFE & CAS INS CO,3299712,71706
BCS INS GRP,2979742,23
EQUITABLE LIFE & CAS INS CO,2953550,62952
BERKSHIRE HATHAWAY GRP,2931005,31
NATIONAL SECURITY GRP,2844068,316
INTER AMER GRP,2801481,863
MIDWEST HOLDING GRP,2705777,4732
NATL GEN GRP,2663100,948
RABENHORST LIFE INS CO,2651135,76767
CONTINENTAL GEN INS CO,2643531,71404
ROYAL STATE NATL INS CO LTD,2573894,68551
US ALLIANCE LIFE & SECURITY CO,2525912,14165
AMERICAN EQUITY INVESTMENT GRP,2511441,2658
UNIFIED LIFE INS CO,2391716,11121
WILLIAM PENN ASSN,2379366,57010
GENERAL ELECTRIC GRP,2224992,350
CITIZENS SECURITY LIFE INS CO,2088089,61921
NEW ERA LIFE GRP,2001110,520
STERLING INVESTORS LIFE INS CO,1971869,89184
MOUNTAIN LIFE INS CO,1968369,80020
JEFFERSON NATIONAL GRP,1843526,4836
AMERICAN HOME LIFE INS CO,1810746,83860
JEFF DAVIS MORTUARY BENEFIT ASSOC,1793688,69055
LIFE ASSUR CO INC,1766587,85677
INDIVIDUAL ASSUR CO LIFE HLTH & ACC,1696194,81779
WESTERN CATHOLIC UNION,1663641,57711
POLISH ROMAN CATHOLIC UNION OF AMER,1597294,57630
WOMANS LIFE INS SOCIETY,1581154,56170
KENTUCKY NATL INS GRP,1565994,4703
SWBC LIFE INS CO,1540652,99538
SHELTERPOINT GRP INC,1530803,4803
STARMOUNT LIFE INS CO,1511558,68985
GREEK CATHOLIC UNION OF THE USA,1482953,56693
TRANS CITY LIFE INS CO,1477500,77690
STATE LIFE INS FUND,1357979,70599
PELLERIN LIFE INS CO,1350394,76317
FRANKENMUTH GRP,1289911,1309
WILLIAMS PROGRESSIVE LIFE & ACC I C,1253448,78344
CROATIAN FRATERNAL UNION OF AMER,1204822,56634
FOUNDATION LIFE INS CO OF AR,1075245,83992
AMERICAN LIFE & ANNUITY CO,1055112,73881
AMERICAN FARMERS & RANCHERS GRP,1009117,1321
PHARMACISTS MUT GRP,1003139,775
GUARANTY INCOME LIFE INS CO,980716,64238
CSA FRATERNAL LIFE,871799,56138
UNITED STATES LETTER CARRIERS MUT BE,851681,56456
SURETY LIFE & CAS INS CO,838859,69329
FAMILY SECURITY LIFE INS CO INC,836019,75337
FIRST CATH SLOVAK LADIES ASSN USA,834122,56332
ARKANSAS BANKERS LIFE INS CO,816813,86118
SLOVAK CATHOLIC SOKOL,750312,57193
DAKOTA CAPITAL LIFE INS CO,690423,14188
WORKMENS BENEFIT FUND OF THE USA,581397,57290
FIRST NATL LIFE INS CO OF USA,501406,74233
MUTUAL BENEFICIAL ASSN INC,474250,56251
UNITED TRANSPORTATION UNION INS ASSN,450621,56413
AMFIRST HOLDINGS GRP,443719,4719
UKRAINIAN NATL ASSN INC,349018,57215
NIPPON LIFE INS CO OF AMER,305426,81264
BAPTIST LIFE ASSN,279043,57223
BCBS OF MI GRP,152072,572
BEST LIFE & HLTH INS CO,114900,90638
REGAL REINS GRP,35312,440
