Name,Total Amount,Code
METROPOLITAN GRP,101033413934,241
PRUDENTIAL OF AMER GRP,47107243252,304
UNITEDHEALTH GRP,46676392669,707
NEW YORK LIFE GRP,31298232185,826
AETNA GRP,30001493086,1
PRINCIPAL FIN GRP,29774330589,332
MASS MUT LIFE INS GRP,23897120805,435
AEGON US HOLDING GRP,23046121560,468
AMERICAN INTL GRP,22774244615,12
JACKSON NATL GRP,22169479177,918
AXA INS GRP,21823774768,968
LINCOLN NATL GRP,20622100843,20
JOHN HANCOCK GRP,20474352321,904
VOYA FINANCIAL GRP,18506507662,4832
TIAA FAMILY GRP,17062244415,1216
CIGNA HLTH GRP,16786375938,901
SAMMONS ENTERPRISES GRP,16700847385,431
NATIONWIDE CORP GRP,14618751898,140
NORTHWESTERN MUT GRP,14279210170,860
ALLIANZ INS GRP,13097989726,761
PACIFIC LIFE GRP,9726975381,709
GUARDIAN LIFE GRP,8760158700,429
HARTFORD FIRE & CAS GRP,8362749814,91
MUTUAL OF OMAHA GRP,7902488972,261
MINNESOTA MUT GRP,7820635172,869
UNUMPROVIDENT CORP GRP,7728678806,565
GOLDMAN SACHS GRP,7326836789,3891
AMERICAN EQUITY INVESTMENT GRP,7137911924,2658
GREAT WEST GRP,6451897080,769
AMERIPRISE FIN GRP,6324377797,4
WEST SOUTHERN GRP,6023204248,836
ATHENE GRP,5814132449,4734
PROTECTIVE LIFE INS GRP,5745546116,458
THRIVENT FINANCIAL FOR LUTHERANS GRP,5464335915,2938
STATE FARM GRP,5424312767,176
AFLAC GRP,5318058338,370
MEIJI YASUDA LIFE INS GRP,5111763633,1348
SUMITOMO LIFE INS GRP,5036561853,4855
GENWORTH FIN GRP,4843759984,4011
ONEAMERICA FIN PARTNERS GRP,4818104475,619
AMERICAN FINANCIAL GRP,4499053324,84
CNO FINANCIAL GRP,4065958424,233
TOKIO MARINE HOLDINGS INC GRP,3821101553,3098
TORCHMARK CORP GRP,3162176691,290
OHIO NATL LIFE GRP,3160049592,704
HARBINGER GRP,3137724895,4731
CUNA MUT GRP,3092239169,306
SUN LIFE ASSUR CO OF CN GRP,3026619273,549
LIBERTY MUT GRP,2846529732,111
AMERITAS MUT HOLDING GRP,2601892128,943
UNITED SERV AUTOMOBILE ASSN GRP,2452846614,200
AMERICAN NATL FIN GRP,2310864893,408
NATIONAL LIFE GRP,2289395187,634
MUTUAL OF AMER LIFE INS CO,2267077602,88668
PRIMERICA GRP,2200269440,4750
PENN MUT GRP,2189977973,850
ASSURANT INC GRP,2151981205,19
EQUITRUST LIFE INS CO,2016433427,62510
BCBS OF KS GRP,1925731280,430
DELAWARE LIFE HOLDING GRP,1911689368,4794
ALLSTATE INS GRP,1734966112,8
RESOLUTION LIFE GRP,1705998469,4815
CENTENE CORP GRP,1677635364,1295
BANNER LIFE GRP,1666518060,872
GGC GRP,1564362128,4736
ZURICH INS GRP,1518136860,212
KNIGHTS OF COLUMBUS,1438341239,58033
BERKSHIRE HATHAWAY GRP,1416782940,31
FIDELITY INVESTMENT INS & ANN GRP,1410546907,981
AMERICAN FIDELITY CORP GRP,1132570060,330
MODERN WOODMEN OF AMER,1059757720,57541
NATIONAL GUARDIAN LIFE INS GRP,962237739,1211
SOUTHERN FARM BUREAU LIFE INS CO,950480718,68896
IOWA FARM BUREAU GRP,882210021,513
NESTLE SA GRP,875825687,4483
FIDELITY SECURITY GRP,839785121,451
NATIONAL WESTERN LIFE INS CO,832128529,66850
CHUBB LTD GRP,829592692,626
HIGHMARK GRP,822451792,812
AAA LIFE GRP,799228566,4853
JEFFERSON NATIONAL GRP,773256289,4836
BCBS OF SC GRP,747149636,661
ADVANTAGE CAPITAL GRP,725016753,4824
PHYSICIANS MUT GRP,713924275,367
COUNTRY INS & FIN SERV GRP,653654871,50
SENTRY INS GRP,648161755,169
WOODMEN WORLD LIFE INS SOC,628162933,57320
HORACE MANN GRP,627254043,300
LIA HOLDINGS GRP,560286543,4844
MANHATTAN LIFE GRP,530865226,1117
KEMPER CORP GRP,527807836,215
FINANCIAL HOLDINGS GRP,518124443,449
WILTON RE GRP,515378856,4213
UNIVERSAL AMER FIN CORP GRP,506494244,953
GENEVE HOLDINGS INC GRP,503683484,450
WEA INS CORP,500120741,72273
ANTHEM INC GRP,495385605,671
TRUSTMARK MUT HOLDING CO GRP,492700408,276
ELCO MUT LIFE & ANN,461145142,84174
HOMESTEADERS LIFE CO,450235336,64505
NEW ERA LIFE GRP,445509034,520
INDEPENDENT ORDER OF FORESTERS US BR,440511866,58068
LINCOLN HERITAGE LIFE INS CO,439482980,65927
PAN AMER LIFE GRP,428650914,525
HCSC GRP,417458073,917
KANSAS CITY LIFE INS GRP,410617789,588
AMERICAN ENTERPRISE MUT GRP,401702969,3527
AMERICAN FAMILY INS GRP,399807834,473
GBU FINANCIAL LIFE,350018589,56685
AMERCO CORP GRP,345679221,574
SECURITY MUT LIFE INS CO OF NY,324826808,68772
CINCINNATI FIN GRP,317428232,244
LIBERTY LIFE GRP TRUST GRP,316400578,3436
SAVINGS BANK LIFE GRP,302117717,4553
AUTO OWNERS GRP,285758080,280
WESTBRIDGE CAPITAL GRP,280342253,839
GREAT WESTERN CO GRP,273635474,1280
WR BERKLEY CORP GRP,272439142,98
NIPPON LIFE INS CO OF AMER,266783424,81264
GREEK CATHOLIC UNION OF THE USA,258799064,56693
COLUMBIAN LIFE GRP,251959046,535
HEALTHMARKETS GRP,236423371,264
ARKANSAS BCBS GRP,235185154,876
FORTRESS GRP,227563371,4716
TENNESSEE FARMERS GRP,225558715,694
ASSURITY GRP,219828663,4862
BOSTON MUT GRP,214859618,581
PEKIN INS GRP,212637562,153
GUARANTEE TRUST GRP,209324331,687
RGA INC GRP,207445111,4639
DIRECTORS INVESTMENT GRP,197183039,801
CONTINENTAL GEN INS CO,189127913,71404
ERIE INS GRP,187253831,213
EQUITABLE LIFE & CAS INS CO,179929079,62952
FORESTERS LIFE INS ANN CO,178778690,63495
INDUSTRIAL ALLIANCE GRP,177975930,315
HUMANA GRP,165296703,119
ALFA INS GRP,159279393,5
FEDERATED MUT GRP,158929879,7
NATIONAL SLOVAK SOCIETY OF THE USA,151970126,56782
TIPTREE FIN GRP,150485707,4718
SHELTER INS GRP,135994515,123
BCS INS GRP,128693279,23
MICHIGAN FARM BUREAU GRP,127556227,67
UNITED FIRE & CAS GRP,126837023,248
SAGICOR LIFE INS CO,126159276,60445
GUIDEWELL MUT HOLDING GRP,123594811,536
UNION LABOR GRP,122539018,781
INDIANA FARM BUREAU GRP,121348225,542
PREMERA BLUE CROSS GRP,115894468,962
CAMBIA HEALTH SOLUTIONS INC,113685145,1207
ROYAL NEIGHBORS OF AMER,110856795,57657
NATIONAL TEACHERS ASSOC LIFE GROUP,104536794,4796
HERITAGE LIFE INS CO,100000000,64394
5 STAR LIFE INS CO,97368431,77879
AMTRUST NGH GRP,94058976,2538
BALTIMORE LIFE INS CO,93506866,61212
LIFETIME HLTHCARE GRP,90244672,1186
FIDELITY LIFE ASSN A LEGAL RESERVE L,90046217,63290
SHELTERPOINT GRP INC,89669233,4803
RESERVOIR CAPITAL GRP,87998302,4764
GRANGE MUT CAS GRP,85158655,267
CROWN GLOBAL INS CO OF AMER,76109312,14679
BENEFICIAL LIFE GRP,75264324,615
CATHOLIC UNITED FINANCIAL,72936675,57053
ATLANTIC AMER GRP,72882714,587
CATHOLIC LIFE INS,70785917,57347
AMICA MUT GRP,70529317,28
OZARK NATL LIFE INS CO,69294880,67393
CENTRAL STATES GRP,66923181,690
STARMOUNT LIFE INS CO,64208599,68985
UNITED HERITAGE MUT GRP,59510918,2878
ILLINOIS MUT LIFE INS CO,58356379,64580
MOTORISTS MUT GRP,56412511,291
SECURITY NATL GRP,55391040,454
CATHOLIC FINANCIAL LIFE,53928555,56030
SOUTHLAND NATL HOLDING GRP,52126497,4827
EVERENCE GRP,50512499,4616
OLD SURETY LIFE INS CO,50475349,67326
KSKJ LIFE AMER SLOVENIAN CATHOLIC UN,50390299,56227
FIRST CATH SLOVAK LADIES ASSN USA,49614939,56332
MOLINA HEALTHCARE INC GRP,49521524,1531
EMC NATL LIFE CO,49423585,62928
CATHOLIC ORDER OF FORESTERS,48826952,57487
FIRST TRINITY FIN GRP,46817339,4752
MISSOURI FARM BUREAU GRP,45068905,514
CITIZENS GRP,43777753,612
INVESTORS PREFERRED LIFE INS CO,41473374,15313
INDIVIDUAL ASSUR CO LIFE HLTH & ACC,40894005,81779
TEXAS SERV LIFE INS CO,39170934,83160
GLEANER LIFE INS SOCIETY,38395677,56154
INVESTORS HERITAGE LIFE INS CO,36691626,64904
CINCINNATI EQUITABLE CO GRP,35850708,838
AMALGAMATED LIFE INS CO,35303633,60216
MEDICAL MUT OF OH GRP,34442810,730
UNIFIED LIFE INS CO,33938639,11121
WILLIAM PENN ASSN,32847620,57010
BANKERS INS GRP,30312735,689
UNITY FINANCIAL LIFE INS CO,28274292,63819
LIFE INS CO OF AL,28080820,65412
SENIOR HLTH INS CO OF PA,27505058,76325
CROATIAN FRATERNAL UNION OF AMER,26289593,56634
PLATEAU GRP,26056388,629
NATIONAL FARM LIFE INS GRP,25487509,2458
WISCONSIN PHYSICIANS SERV INS GRP,23261349,68
ORDER OF UNITED COMMERCIAL TRAVELERS,23132385,56383
ASSURED LIFE ASSN,22199453,56499
CITIZENS SECURITY LIFE INS CO,20192888,61921
ISDA FRATERNAL ASSOC,18359884,56707
BCBS OF AL GRP,17688551,570
CATHOLIC HOLY FAMILY SOCIETY,16909608,57770
BCBS OF KC GRP,16697221,537
CATHOLIC LADIES OF COLUMBIA,16646906,56316
NATIONAL MUT BENEFIT,16329747,56073
GPM LIFE GRP,16133280,4712
SPJST,15981362,57436
SONS OF NORWAY,15783872,57142
KILPATRICK LIFE GRP,15672573,4835
CHURCH PENSION FUND GRP,14902424,344
WESTERN CATHOLIC UNION,14595837,57711
DELTA GRP,14387586,598
AMERICAN CENTURY LIFE INS CO,14347710,97810
SURETY LIFE INS CO,14274131,69310
LOYAL CHRISTIAN BENEFIT ASSN,13621271,56758
GUARANTY INCOME LIFE INS CO,13611367,64238
FIRST TOWER GRP,12324443,641
THE LDS GRP,12249951,905
SELECTED FUNERAL & LIFE INS CO,11954867,83836
BEST LIFE & HLTH INS CO,11758672,90638
SENIOR LIFE INS CO,11754328,78662
STATE MUT INS CO,11415782,69132
POLICE & FIREMENS INS ASSN,11157033,58009
LOUISIANA HLTH SERV GRP,11112135,438
OLD REPUBLIC GRP,10850119,150
DELTA DENTAL OF KS GRP,10110889,4638
FEDERAL LIFE INS CO,9942565,63223
ENSTAR GRP,9899841,4725
PROFESSIONAL LIFE & CAS CO,9640099,68063
POLISH ROMAN CATHOLIC UNION OF AMER,8459547,57630
SECU LIFE INS CO,8278626,14924
WESTERN FRATERNAL LIFE ASSN,7312302,58017
HEARTLAND NATL LIFE INS CO,6974558,66214
CITIZENS FIDELITY INS CO,6488520,83968
LUSO AMER LIFE INS SOCIETY,6089605,57967
AMERICAN HOME LIFE INS CO,5808467,60542
NATL GEN GRP,5707062,948
ROYAL STATE NATL INS CO LTD,5591794,68551
LEADERS LIFE INS CO,5390264,74799
MISSISSIPPI INS GRP,5234985,1126
AUTOMOBILE CLUB MI GRP,5123758,55
DIRECTORS LIFE ASSUR CO,5078065,73660
UNIVERSAL FIDELITY LIFE INS CO,5067596,70122
DEGREE OF HONOR PROTECTIVE ASSN,5048636,57088
MIDWEST HOLDING GRP,4960341,4732
SUPREME COUNCIL THE ROYAL ARCANUM,4916121,58181
WOMANS LIFE INS SOCIETY,4804078,56170
AMERICAN SAVINGS LIFE INS CO,4752524,91910
US ALLIANCE LIFE & SECURITY CO,4594245,14165
AMERICAN LIFE & ANNUITY CO,4456172,73881
TOWN & COUNTRY LIFE INS CO,4286513,77674
SWBC LIFE INS CO,4067066,99538
SLOVAK CATHOLIC SOKOL,3944615,57193
WICHITA NATL LIFE GRP,3816343,132
NATIONAL SECURITY GRP,3697739,316
MOTHE LIFE GRP,3529809,4710
UKRAINIAN NATL ASSN INC,3210677,57215
BCBS OF MI GRP,3030918,572
NORTH CAROLINA MUT LIFE INS CO,2858702,67032
COMMERCIAL TRAVELERS MUT INS CO,2798093,81426
AMERICAN FARMERS & RANCHERS GRP,2663336,1321
AMERICAN HOME LIFE INS CO,2620733,83860
UNITED STATES LETTER CARRIERS MUT BE,2472759,56456
PHARMACISTS MUT GRP,2361535,775
INTER AMER GRP,2302705,863
PENN TREATY AMER GRP,2271595,810
UNITED SECURITY ASSUR CO OF PA,2238218,42129
REGAL REINS GRP,2205953,440
STERLING INVESTORS LIFE INS CO,1973246,89184
MUTUAL BENEFICIAL ASSN INC,1682010,56251
GENERAL ELECTRIC GRP,1516582,350
CSA FRATERNAL LIFE,1243183,56138
DAKOTA CAPITAL LIFE INS CO,1239887,14188
SURETY LIFE & CAS INS CO,1218657,69329
UNITED TRANSPORTATION UNION INS ASSN,1080170,56413
WORKMENS BENEFIT FUND OF THE USA,999844,57290
POLISH NATL ALLIANCE US OF NA,776220,57622
LOCOMOTIVE ENGINEERS & CONDUCTORS MU,617978,87920
TWA & AMFI CORP GRP,438635,4877
AMERICAN LABOR LIFE INS CO,139893,89427
