Name,Total Amount,Code
JACKSON NATL GRP,18741759616,918
AMERICAN INTL GRP,16218112180,12
TIAA FAMILY GRP,15106935283,1216
PRUDENTIAL OF AMER GRP,13988507281,304
VOYA FINANCIAL GRP,13800405591,4832
LINCOLN NATL GRP,12482257740,20
SAMMONS ENTERPRISES GRP,12370801082,431
ALLIANZ INS GRP,12253962004,761
NEW YORK LIFE GRP,12226271595,826
AXA INS GRP,10667636027,968
METROPOLITAN GRP,9248188087,241
AMERICAN EQUITY INVESTMENT GRP,7108784840,2658
PACIFIC LIFE GRP,5855077173,709
GOLDMAN SACHS GRP,5623165327,3891
ATHENE GRP,5436822286,4734
GREAT WEST GRP,5162281992,769
MASS MUT LIFE INS GRP,5136848782,435
PRINCIPAL FIN GRP,4999838829,332
AMERIPRISE FIN GRP,4821483023,4
AEGON US HOLDING GRP,4508467744,468
AMERICAN FINANCIAL GRP,4414003668,84
SUMITOMO LIFE INS GRP,3734386908,4855
THRIVENT FINANCIAL FOR LUTHERANS GRP,3717172814,2938
ONEAMERICA FIN PARTNERS GRP,3456668335,619
HARBINGER GRP,2535439004,4731
NORTHWESTERN MUT GRP,2210271055,860
WEST SOUTHERN GRP,1988044023,836
DELAWARE LIFE HOLDING GRP,1857485889,4794
EQUITRUST LIFE INS CO,1742065377,62510
FIDELITY INVESTMENT INS & ANN GRP,1395208493,981
OHIO NATL LIFE GRP,1376864687,704
PROTECTIVE LIFE INS GRP,1316385548,458
AMERICAN NATL FIN GRP,1307709184,408
GUARDIAN LIFE GRP,1304315628,429
MINNESOTA MUT GRP,1295706998,869
NATIONAL LIFE GRP,1211848054,634
UNITED SERV AUTOMOBILE ASSN GRP,1088542836,200
BERKSHIRE HATHAWAY GRP,1056132300,31
AMERITAS MUT HOLDING GRP,1046031908,943
STATE FARM GRP,1001966309,176
CNO FINANCIAL GRP,967511213,233
MUTUAL OF OMAHA GRP,865691164,261
TOKIO MARINE HOLDINGS INC GRP,830036030,3098
MODERN WOODMEN OF AMER,806382294,57541
CUNA MUT GRP,802027122,306
JEFFERSON NATIONAL GRP,740017216,4836
NATIONAL WESTERN LIFE INS CO,691020464,66850
LIBERTY MUT GRP,652775887,111
SENTRY INS GRP,612867354,169
HORACE MANN GRP,519114442,300
NATIONWIDE CORP GRP,516961223,140
LIA HOLDINGS GRP,459981167,4844
BANNER LIFE GRP,442380248,872
MEIJI YASUDA LIFE INS GRP,416607620,1348
HARTFORD FIRE & CAS GRP,398576773,91
IOWA FARM BUREAU GRP,364528942,513
GBU FINANCIAL LIFE,335916235,56685
GGC GRP,299545566,4736
WOODMEN WORLD LIFE INS SOC,296896408,57320
LIBERTY LIFE GRP TRUST GRP,275690732,3436
MANHATTAN LIFE GRP,266421475,1117
GREEK CATHOLIC UNION OF THE USA,261274703,56693
ELCO MUT LIFE & ANN,241836441,84174
FINANCIAL HOLDINGS GRP,241451033,449
ADVANTAGE CAPITAL GRP,236819865,4824
ZURICH INS GRP,234758199,212
GENWORTH FIN GRP,219696496,4011
SOUTHERN FARM BUREAU LIFE INS CO,212757718,68896
AMERCO CORP GRP,202906521,574
MUTUAL OF AMER LIFE INS CO,184971044,88668
AMERICAN FIDELITY CORP GRP,165747880,330
AAA LIFE GRP,162118270,4853
PENN MUT GRP,156695728,850
FORESTERS LIFE INS ANN CO,154963120,63495
NATIONAL SLOVAK SOCIETY OF THE USA,154608567,56782
NEW ERA LIFE GRP,149351501,520
DIRECTORS INVESTMENT GRP,145986966,801
AUTO OWNERS GRP,136339051,280
JOHN HANCOCK GRP,135795570,904
COUNTRY INS & FIN SERV GRP,130938264,50
SAGICOR LIFE INS CO,124110720,60445
KANSAS CITY LIFE INS GRP,108561984,588
RESOLUTION LIFE GRP,78884952,4815
PHYSICIANS MUT GRP,76335977,367
CROWN GLOBAL INS CO OF AMER,76109312,14679
ROYAL NEIGHBORS OF AMER,63438321,57657
ALLSTATE INS GRP,59999911,8
CATHOLIC LIFE INS,57830550,57347
BANKERS INS GRP,57045151,689
TENNESSEE FARMERS GRP,56609619,694
UNITED FIRE & CAS GRP,55571751,248
FIRST CATH SLOVAK LADIES ASSN USA,54703601,56332
FIRST TRINITY FIN GRP,53409587,4752
CINCINNATI FIN GRP,47169611,244
CATHOLIC UNITED FINANCIAL,46704755,57053
MICHIGAN FARM BUREAU GRP,43729385,67
CATHOLIC ORDER OF FORESTERS,42771716,57487
TORCHMARK CORP GRP,41532400,290
GUARANTY INCOME LIFE INS CO,40770299,64238
AETNA GRP,40257235,1
GLEANER LIFE INS SOCIETY,40249501,56154
WILLIAM PENN ASSN,39568191,57010
ERIE INS GRP,39268828,213
KSKJ LIFE AMER SLOVENIAN CATHOLIC UN,36488924,56227
CATHOLIC FINANCIAL LIFE,36401868,56030
CROATIAN FRATERNAL UNION OF AMER,33586815,56634
SOUTHLAND NATL HOLDING GRP,33023849,4827
NATIONAL GUARDIAN LIFE INS GRP,28914065,1211
FEDERATED MUT GRP,28298023,7
POLISH ROMAN CATHOLIC UNION OF AMER,24881081,57630
CHURCH PENSION FUND GRP,24602947,344
EVERENCE GRP,24342115,4616
ISDA FRATERNAL ASSOC,23763917,56707
SECURITY MUT LIFE INS CO OF NY,23443428,68772
ASSURANT INC GRP,23356441,19
EMC NATL LIFE CO,21448708,62928
FIRST CATH SLOVAK UNION OF US & CN,20014132,56340
PEKIN INS GRP,19726978,153
BALTIMORE LIFE INS CO,18585772,61212
SONS OF NORWAY,17905521,57142
FIDELITY SECURITY GRP,16987886,451
CATHOLIC LADIES OF COLUMBIA,16476309,56316
RGA INC GRP,16039068,4639
WESTERN CATHOLIC UNION,15592630,57711
INVESTORS PREFERRED LIFE INS CO,15572770,15313
CIGNA HLTH GRP,15525914,901
AMERICAN FAMILY INS GRP,14351513,473
AMERICAN CENTURY LIFE INS CO,14202276,97810
INDIANA FARM BUREAU GRP,13935480,542
UNITED HERITAGE MUT GRP,13928008,2878
INDUSTRIAL ALLIANCE GRP,13654922,315
HOMESTEADERS LIFE CO,13020805,64505
ASSURITY GRP,12543905,4862
GENEVE HOLDINGS INC GRP,12211390,450
SAVINGS BANK LIFE GRP,11746598,4553
SECURITY NATL GRP,10902750,454
MUTUAL BENEFICIAL ASSN INC,10689689,56251
MOTORISTS MUT GRP,10676881,291
COLUMBIAN LIFE GRP,10537455,535
PROFESSIONAL LIFE & CAS CO,9599497,68063
WILTON RE GRP,9321636,4213
MISSOURI FARM BUREAU GRP,9291409,514
SLOVENE NATL BENEFIT SOCIETY,9250035,57673
NATIONAL MUT BENEFIT,8809423,56073
SPJST,8571172,57436
WOMANS LIFE INS SOCIETY,8445540,56170
KNIGHTS OF COLUMBUS,8445099,58033
AMICA MUT GRP,8434399,28
POLISH NATL ALLIANCE US OF NA,8381750,57622
UNITED STATES LETTER CARRIERS MUT BE,8286863,56456
LOYAL CHRISTIAN BENEFIT ASSN,7984725,56758
STERLING INVESTORS LIFE INS CO,7726691,89184
FEDERAL LIFE INS CO,7093259,63223
CATHOLIC HOLY FAMILY SOCIETY,7023900,57770
UNION LABOR GRP,6455117,781
UKRAINIAN NATL ASSN INC,6156907,57215
SHELTER INS GRP,5961234,123
WESTERN FRATERNAL LIFE ASSN,5572254,58017
SELECTED FUNERAL & LIFE INS CO,5501276,83836
CSA FRATERNAL LIFE,5322347,56138
CATHOLIC UNION OF TX,5266500,57363
SLOVAK CATHOLIC SOKOL,5259921,57193
LUSO AMER LIFE INS SOCIETY,4996393,57967
INVESTORS HERITAGE LIFE INS CO,4852004,64904
POLISH FALCONS OF AMER,4557160,56820
GRAND LODGE SONS OF HERMANN IN TX,4548063,57444
CATHOLIC FAMILY FRATERNAL OF TX,4433346,57355
AMERICAN HOME LIFE INS CO,4209579,60542
PORTUGUESE FRATERNAL SOCIETY OF AMER,4077084,57940
ALFA INS GRP,3962680,5
INTER AMER GRP,3784179,863
CITIZENS GRP,3750078,612
TWA & AMFI CORP GRP,3668358,4877
BENEFICIAL LIFE GRP,3602172,615
SECU LIFE INS CO,3407710,14924
AMERICAN LIFE & ANNUITY CO,3401060,73881
PROVIDENCE ASSN UKRANIAN CATHOLICS,3378447,56863
UNITED TRANSPORTATION UNION INS ASSN,3337358,56413
NATIONAL CATHOLIC SOC OF FORESTERS,3307416,57568
PAN AMER LIFE GRP,3266129,525
CONTINENTAL GEN INS CO,3129265,71404
HCSC GRP,2916970,917
POLICE & FIREMENS INS ASSN,2694116,58009
GREAT WESTERN CO GRP,2543578,1280
ALLIANCE OF TRANSYLVANIAN SAXONS,2425475,56197
MIDWEST HOLDING GRP,2377147,4732
AMERICAN SAVINGS LIFE INS CO,2278279,91910
PHARMACISTS MUT GRP,2143959,775
US ALLIANCE LIFE & SECURITY CO,1989833,14165
KILPATRICK LIFE GRP,1926460,4835
TRUSTMARK MUT HOLDING CO GRP,1794914,276
UNITEDHEALTH GRP,1793662,707
FAMILY LIBERTY LIFE INS CO,1784186,85928
GPM LIFE GRP,1680478,4712
DIRECTORS LIFE ASSUR CO,1672504,73660
AMERICAN FARMERS & RANCHERS GRP,1654219,1321
RESERVOIR CAPITAL GRP,1541420,4764
CZECH CATHOLIC UNION,1530776,56324
HAWTHORN GRP,1412297,1323
SUPREME COUNCIL THE ROYAL ARCANUM,1362165,58181
BCBS OF MI GRP,1310733,572
INDEPENDENT ORDER OF FORESTERS US BR,1265414,58068
NATIONAL FARM LIFE INS GRP,1120649,2458
POLISH BENEFICIAL ASSN,1106660,56812
GREAT CENTRAL INS GRP,1052573,1131
AMERICAN MUT LIFE ASSN,1044765,56286
WSA FRATERNAL LIFE,1011899,56480
GRANGE MUT CAS GRP,975499,267
AUTOMOBILE CLUB MI GRP,912196,55
GERMANIA INS GRP,897799,171
JACKSON GRIFFIN INS CO,827969,84115
AMERICAN HOME LIFE INS CO,809987,83860
ASSURED LIFE ASSN,800566,56499
TJM LIFE INS CO,693694,87823
HEALTHMARKETS GRP,684275,264
ILLINOIS MUT LIFE INS CO,580480,64580
SERB NATL FEDERATION,537938,56936
DAKOTA CAPITAL LIFE INS CO,527229,14188
LANDMARK LIFE INS CO,514076,82252
UNIVERSAL AMER FIN CORP GRP,492629,953
PRIMERICA GRP,433871,4750
WORKMENS BENEFIT FUND OF THE USA,413414,57290
MAXIMUM CORP GRP,371921,526
TIPTREE FIN GRP,315460,4718
ECG GRP,303369,4826
DEGREE OF HONOR PROTECTIVE ASSN,290217,57088
COOPERATIVE LIFE INS CO,273060,83933
ARTISANS ORDER OF MUT PROTECTION,237806,56766
RUSSIAN BROTHERHOOD ORG  USA,136800,56871
BAPTIST LIFE ASSN,134479,57223
HUMANA GRP,128073,119
NORTH CAROLINA MUT LIFE INS CO,107657,67032
LINCOLN HERITAGE LIFE INS CO,104318,65927
TOWN & COUNTRY LIFE INS CO,100000,77674
GENERAL ELECTRIC GRP,96734,350
ATLANTIC AMER GRP,88030,587
CINCINNATI EQUITABLE CO GRP,85496,838
STATE MUT INS CO,74079,69132
AMERICAN ENTERPRISE MUT GRP,66663,3527
UNIVERSAL GUAR LIFE INS CO,61119,70130
UNUMPROVIDENT CORP GRP,52455,565
UNIFIED LIFE INS CO,49658,11121
SCOR GRP,48050,749
CITIZENS FIDELITY INS CO,36352,83968
BCBS OF SC GRP,35000,661
OZARK NATL LIFE INS CO,32920,67393
SURETY LIFE INS CO,32355,69310
NATL GEN GRP,24013,948
ORDER OF UNITED COMMERCIAL TRAVELERS,22200,56383
GUARANTEE TRUST GRP,19730,687
LIFE INS CO OF AL,14489,65412
DG ELMORE GRP,10368,4784
FIRST DIMENSION LIFE INS CO INC,6045,90492
WR BERKLEY CORP GRP,5681,98
OLD SURETY LIFE INS CO,3522,67326
KEMPER CORP GRP,1501,215
SUN LIFE ASSUR CO OF CN GRP,1291,549
POLISH WOMENS ALLIANCE OF AMER,691,57649
POLISH NATL UNION OF AMER,500,56839
STANDARD LIFE & CAS INS CO,386,71706
INDIVIDUAL ASSUR CO LIFE HLTH & ACC,240,81779
